timestamp,event_id,split,event_type,site_id,synthetic_data,field_validated,distance_a_cm,distance_b_cm,rise_a_cm_min,rise_b_cm_min,distance_delta_abs_cm,current_precipitation_mm,rain_1h_mm,rain_6h_mm,max_probability_6h,node_a_valid,node_b_valid,node_a_online,node_b_online,weather_stale,label_available,critical_within_5min
2026-07-01T03:00:00Z,SYN-001,train,normal_dry,SYNTHETIC-DRAIN-01,1,0,13.011,13.069,0.0,0.0,0.058,0.0,0.0,0.0,12.4,1,1,1,1,0,1,0
2026-07-01T03:01:00Z,SYN-001,train,normal_dry,SYNTHETIC-DRAIN-01,1,0,12.902,13.045,0.109,0.024,0.143,0.0,0.0,0.0,15.8,1,1,1,1,0,1,0
2026-07-01T03:02:00Z,SYN-001,train,normal_dry,SYNTHETIC-DRAIN-01,1,0,12.916,12.998,-0.014,0.047,0.082,0.0,0.0,0.0,17.3,1,1,1,1,0,1,0
2026-07-01T03:03:00Z,SYN-001,train,normal_dry,SYNTHETIC-DRAIN-01,1,0,13.106,13.306,-0.19,-0.308,0.2,0.0,0.0,0.0,9.4,1,1,1,1,0,1,0
2026-07-01T03:04:00Z,SYN-001,train,normal_dry,SYNTHETIC-DRAIN-01,1,0,13.087,13.146,0.019,0.16,0.059,0.0,0.0,0.0,8.2,1,1,1,1,0,1,0
2026-07-01T03:05:00Z,SYN-001,train,normal_dry,SYNTHETIC-DRAIN-01,1,0,12.933,13.092,0.154,0.054,0.159,0.0,0.0,0.0,22.4,1,1,1,1,0,1,0
2026-07-01T03:06:00Z,SYN-001,train,normal_dry,SYNTHETIC-DRAIN-01,1,0,12.972,13.193,-0.039,-0.101,0.221,0.0,0.0,0.0,11.7,1,1,1,1,0,1,0
2026-07-01T03:07:00Z,SYN-001,train,normal_dry,SYNTHETIC-DRAIN-01,1,0,13.111,13.18,-0.139,0.013,0.069,0.0,0.0,0.0,8.4,1,1,1,1,0,1,0
2026-07-01T03:08:00Z,SYN-001,train,normal_dry,SYNTHETIC-DRAIN-01,1,0,13.073,13.205,0.038,-0.025,0.132,0.0,0.0,0.0,11.1,1,1,1,1,0,1,0
2026-07-01T03:09:00Z,SYN-001,train,normal_dry,SYNTHETIC-DRAIN-01,1,0,13.013,13.157,0.06,0.048,0.144,0.0,0.0,0.0,9.8,1,1,1,1,0,1,0
2026-07-01T03:10:00Z,SYN-001,train,normal_dry,SYNTHETIC-DRAIN-01,1,0,12.972,13.105,0.041,0.052,0.133,0.0,0.0,0.0,16.8,1,1,1,1,0,1,0
2026-07-01T03:11:00Z,SYN-001,train,normal_dry,SYNTHETIC-DRAIN-01,1,0,12.914,13.017,0.058,0.088,0.103,0.0,0.0,0.0,19.4,1,1,1,1,0,1,0
2026-07-01T03:12:00Z,SYN-001,train,normal_dry,SYNTHETIC-DRAIN-01,1,0,12.743,13.031,0.171,-0.014,0.288,0.0,0.0,0.0,16.0,1,1,1,1,0,1,0
2026-07-01T03:13:00Z,SYN-001,train,normal_dry,SYNTHETIC-DRAIN-01,1,0,12.893,13.143,-0.15,-0.112,0.25,0.0,0.0,0.0,14.8,1,1,1,1,0,1,0
2026-07-01T03:14:00Z,SYN-001,train,normal_dry,SYNTHETIC-DRAIN-01,1,0,12.739,13.072,0.154,0.071,0.333,0.0,0.0,0.0,9.2,1,1,1,1,0,1,0
2026-07-01T03:15:00Z,SYN-001,train,normal_dry,SYNTHETIC-DRAIN-01,1,0,12.888,13.135,-0.149,-0.063,0.247,0.0,0.0,0.0,17.9,1,1,1,1,0,0,
2026-07-01T03:16:00Z,SYN-001,train,normal_dry,SYNTHETIC-DRAIN-01,1,0,12.731,13.097,0.157,0.038,0.366,0.0,0.0,0.0,11.2,1,1,1,1,0,0,
2026-07-01T03:17:00Z,SYN-001,train,normal_dry,SYNTHETIC-DRAIN-01,1,0,12.916,13.056,-0.185,0.041,0.14,0.0,0.0,0.0,19.5,1,1,1,1,0,0,
2026-07-01T03:18:00Z,SYN-001,train,normal_dry,SYNTHETIC-DRAIN-01,1,0,12.789,12.976,0.127,0.08,0.187,0.0,0.0,0.0,12.2,1,1,1,1,0,0,
2026-07-01T03:19:00Z,SYN-001,train,normal_dry,SYNTHETIC-DRAIN-01,1,0,12.887,13.086,-0.098,-0.11,0.199,0.0,0.0,0.0,19.4,1,1,1,1,0,0,
2026-07-01T06:00:00Z,SYN-002,train,normal_dry,SYNTHETIC-DRAIN-01,1,0,12.983,13.046,0.0,0.0,0.063,0.0,0.0,0.0,22.1,1,1,1,1,0,1,0
2026-07-01T06:01:00Z,SYN-002,train,normal_dry,SYNTHETIC-DRAIN-01,1,0,12.915,13.051,0.068,-0.005,0.136,0.0,0.0,0.0,20.4,1,1,1,1,0,1,0
2026-07-01T06:02:00Z,SYN-002,train,normal_dry,SYNTHETIC-DRAIN-01,1,0,12.869,13.095,0.046,-0.044,0.226,0.0,0.0,0.0,20.0,1,1,1,1,0,1,0
2026-07-01T06:03:00Z,SYN-002,train,normal_dry,SYNTHETIC-DRAIN-01,1,0,13.135,13.242,-0.266,-0.147,0.107,0.0,0.0,0.0,12.2,1,1,1,1,0,1,0
2026-07-01T06:04:00Z,SYN-002,train,normal_dry,SYNTHETIC-DRAIN-01,1,0,12.965,13.103,0.17,0.139,0.138,0.0,0.0,0.0,12.8,1,1,1,1,0,1,0
2026-07-01T06:05:00Z,SYN-002,train,normal_dry,SYNTHETIC-DRAIN-01,1,0,12.88,13.334,0.085,-0.231,0.454,0.0,0.0,0.0,21.5,1,1,1,1,0,1,0
2026-07-01T06:06:00Z,SYN-002,train,normal_dry,SYNTHETIC-DRAIN-01,1,0,13.101,13.169,-0.221,0.165,0.068,0.0,0.0,0.0,15.7,1,1,1,1,0,1,0
2026-07-01T06:07:00Z,SYN-002,train,normal_dry,SYNTHETIC-DRAIN-01,1,0,12.911,13.152,0.19,0.017,0.241,0.0,0.0,0.0,21.0,1,1,1,1,0,1,0
2026-07-01T06:08:00Z,SYN-002,train,normal_dry,SYNTHETIC-DRAIN-01,1,0,12.939,13.098,-0.028,0.054,0.159,0.0,0.0,0.0,13.3,1,1,1,1,0,1,0
2026-07-01T06:09:00Z,SYN-002,train,normal_dry,SYNTHETIC-DRAIN-01,1,0,12.859,13.098,0.08,0.0,0.239,0.0,0.0,0.0,8.4,1,1,1,1,0,1,0
2026-07-01T06:10:00Z,SYN-002,train,normal_dry,SYNTHETIC-DRAIN-01,1,0,12.836,13.006,0.023,0.092,0.17,0.0,0.0,0.0,10.5,1,1,1,1,0,1,0
2026-07-01T06:11:00Z,SYN-002,train,normal_dry,SYNTHETIC-DRAIN-01,1,0,13.015,12.957,-0.179,0.049,0.058,0.0,0.0,0.0,18.3,1,1,1,1,0,1,0
2026-07-01T06:12:00Z,SYN-002,train,normal_dry,SYNTHETIC-DRAIN-01,1,0,12.823,13.044,0.192,-0.087,0.221,0.0,0.0,0.0,12.5,1,1,1,1,0,1,0
2026-07-01T06:13:00Z,SYN-002,train,normal_dry,SYNTHETIC-DRAIN-01,1,0,12.85,13.097,-0.027,-0.053,0.247,0.0,0.0,0.0,14.7,1,1,1,1,0,1,0
2026-07-01T06:14:00Z,SYN-002,train,normal_dry,SYNTHETIC-DRAIN-01,1,0,12.739,12.944,0.111,0.153,0.205,0.0,0.0,0.0,8.9,1,1,1,1,0,1,0
2026-07-01T06:15:00Z,SYN-002,train,normal_dry,SYNTHETIC-DRAIN-01,1,0,12.881,12.988,-0.142,-0.044,0.107,0.0,0.0,0.0,19.9,1,1,1,1,0,0,
2026-07-01T06:16:00Z,SYN-002,train,normal_dry,SYNTHETIC-DRAIN-01,1,0,12.827,13.062,0.054,-0.074,0.235,0.0,0.0,0.0,22.3,1,1,1,1,0,0,
2026-07-01T06:17:00Z,SYN-002,train,normal_dry,SYNTHETIC-DRAIN-01,1,0,12.777,13.075,0.05,-0.013,0.298,0.0,0.0,0.0,15.9,1,1,1,1,0,0,
2026-07-01T06:18:00Z,SYN-002,train,normal_dry,SYNTHETIC-DRAIN-01,1,0,12.85,13.009,-0.073,0.066,0.159,0.0,0.0,0.0,21.6,1,1,1,1,0,0,
2026-07-01T06:19:00Z,SYN-002,train,normal_dry,SYNTHETIC-DRAIN-01,1,0,12.956,12.992,-0.106,0.017,0.036,0.0,0.0,0.0,13.8,1,1,1,1,0,0,
2026-07-01T09:00:00Z,SYN-003,train,normal_dry,SYNTHETIC-DRAIN-01,1,0,12.954,13.189,0.0,0.0,0.235,0.0,0.0,0.0,21.9,1,1,1,1,0,1,0
2026-07-01T09:01:00Z,SYN-003,train,normal_dry,SYNTHETIC-DRAIN-01,1,0,13.048,13.217,-0.094,-0.028,0.169,0.0,0.0,0.0,17.0,1,1,1,1,0,1,0
2026-07-01T09:02:00Z,SYN-003,train,normal_dry,SYNTHETIC-DRAIN-01,1,0,12.967,13.043,0.081,0.174,0.076,0.0,0.0,0.0,15.7,1,1,1,1,0,1,0
2026-07-01T09:03:00Z,SYN-003,train,normal_dry,SYNTHETIC-DRAIN-01,1,0,12.989,13.282,-0.022,-0.239,0.293,0.0,0.0,0.0,21.9,1,1,1,1,0,1,0
2026-07-01T09:04:00Z,SYN-003,train,normal_dry,SYNTHETIC-DRAIN-01,1,0,13.009,13.262,-0.02,0.02,0.253,0.0,0.0,0.0,18.9,1,1,1,1,0,1,0
2026-07-01T09:05:00Z,SYN-003,train,normal_dry,SYNTHETIC-DRAIN-01,1,0,13.007,13.248,0.002,0.014,0.241,0.0,0.0,0.0,22.5,1,1,1,1,0,1,0
2026-07-01T09:06:00Z,SYN-003,train,normal_dry,SYNTHETIC-DRAIN-01,1,0,13.069,13.067,-0.062,0.181,0.002,0.0,0.0,0.0,17.5,1,1,1,1,0,1,0
2026-07-01T09:07:00Z,SYN-003,train,normal_dry,SYNTHETIC-DRAIN-01,1,0,13.022,13.093,0.047,-0.026,0.071,0.0,0.0,0.0,12.4,1,1,1,1,0,1,0
2026-07-01T09:08:00Z,SYN-003,train,normal_dry,SYNTHETIC-DRAIN-01,1,0,12.998,13.387,0.024,-0.294,0.389,0.0,0.0,0.0,16.7,1,1,1,1,0,1,0
2026-07-01T09:09:00Z,SYN-003,train,normal_dry,SYNTHETIC-DRAIN-01,1,0,12.965,13.224,0.033,0.163,0.259,0.0,0.0,0.0,14.0,1,1,1,1,0,1,0
2026-07-01T09:10:00Z,SYN-003,train,normal_dry,SYNTHETIC-DRAIN-01,1,0,12.845,12.919,0.12,0.305,0.074,0.0,0.0,0.0,11.5,1,1,1,1,0,1,0
2026-07-01T09:11:00Z,SYN-003,train,normal_dry,SYNTHETIC-DRAIN-01,1,0,12.795,13.195,0.05,-0.276,0.4,0.0,0.0,0.0,11.4,1,1,1,1,0,1,0
2026-07-01T09:12:00Z,SYN-003,train,normal_dry,SYNTHETIC-DRAIN-01,1,0,12.85,13.105,-0.055,0.09,0.255,0.0,0.0,0.0,10.6,1,1,1,1,0,1,0
2026-07-01T09:13:00Z,SYN-003,train,normal_dry,SYNTHETIC-DRAIN-01,1,0,12.767,12.777,0.083,0.328,0.01,0.0,0.0,0.0,11.8,1,1,1,1,0,1,0
2026-07-01T09:14:00Z,SYN-003,train,normal_dry,SYNTHETIC-DRAIN-01,1,0,12.793,12.916,-0.026,-0.139,0.123,0.0,0.0,0.0,12.3,1,1,1,1,0,1,0
2026-07-01T09:15:00Z,SYN-003,train,normal_dry,SYNTHETIC-DRAIN-01,1,0,12.761,13.126,0.032,-0.21,0.365,0.0,0.0,0.0,15.1,1,1,1,1,0,0,
2026-07-01T09:16:00Z,SYN-003,train,normal_dry,SYNTHETIC-DRAIN-01,1,0,12.969,13.152,-0.208,-0.026,0.183,0.0,0.0,0.0,8.1,1,1,1,1,0,0,
2026-07-01T09:17:00Z,SYN-003,train,normal_dry,SYNTHETIC-DRAIN-01,1,0,12.799,12.924,0.17,0.228,0.125,0.0,0.0,0.0,18.2,1,1,1,1,0,0,
2026-07-01T09:18:00Z,SYN-003,train,normal_dry,SYNTHETIC-DRAIN-01,1,0,12.814,13.034,-0.015,-0.11,0.22,0.0,0.0,0.0,22.4,1,1,1,1,0,0,
2026-07-01T09:19:00Z,SYN-003,train,normal_dry,SYNTHETIC-DRAIN-01,1,0,12.948,13.025,-0.134,0.009,0.077,0.0,0.0,0.0,8.1,1,1,1,1,0,0,
2026-07-01T12:00:00Z,SYN-004,train,normal_dry,SYNTHETIC-DRAIN-01,1,0,12.849,13.107,0.0,0.0,0.258,0.0,0.0,0.0,20.9,1,1,1,1,0,1,0
2026-07-01T12:01:00Z,SYN-004,train,normal_dry,SYNTHETIC-DRAIN-01,1,0,12.899,13.104,-0.05,0.003,0.205,0.0,0.0,0.0,17.5,1,1,1,1,0,1,0
2026-07-01T12:02:00Z,SYN-004,train,normal_dry,SYNTHETIC-DRAIN-01,1,0,12.992,13.141,-0.093,-0.037,0.149,0.0,0.0,0.0,19.7,1,1,1,1,0,1,0
2026-07-01T12:03:00Z,SYN-004,train,normal_dry,SYNTHETIC-DRAIN-01,1,0,13.057,13.126,-0.065,0.015,0.069,0.0,0.0,0.0,9.5,1,1,1,1,0,1,0
2026-07-01T12:04:00Z,SYN-004,train,normal_dry,SYNTHETIC-DRAIN-01,1,0,13.078,13.067,-0.021,0.059,0.011,0.0,0.0,0.0,16.7,1,1,1,1,0,1,0
2026-07-01T12:05:00Z,SYN-004,train,normal_dry,SYNTHETIC-DRAIN-01,1,0,12.975,13.056,0.103,0.011,0.081,0.0,0.0,0.0,22.2,1,1,1,1,0,1,0
2026-07-01T12:06:00Z,SYN-004,train,normal_dry,SYNTHETIC-DRAIN-01,1,0,12.871,13.275,0.104,-0.219,0.404,0.0,0.0,0.0,22.6,1,1,1,1,0,1,0
2026-07-01T12:07:00Z,SYN-004,train,normal_dry,SYNTHETIC-DRAIN-01,1,0,12.923,13.05,-0.052,0.225,0.127,0.0,0.0,0.0,18.9,1,1,1,1,0,1,0
2026-07-01T12:08:00Z,SYN-004,train,normal_dry,SYNTHETIC-DRAIN-01,1,0,12.945,13.107,-0.022,-0.057,0.162,0.0,0.0,0.0,19.7,1,1,1,1,0,1,0
2026-07-01T12:09:00Z,SYN-004,train,normal_dry,SYNTHETIC-DRAIN-01,1,0,12.955,13.111,-0.01,-0.004,0.156,0.0,0.0,0.0,21.6,1,1,1,1,0,1,0
2026-07-01T12:10:00Z,SYN-004,train,normal_dry,SYNTHETIC-DRAIN-01,1,0,12.845,13.072,0.11,0.039,0.227,0.0,0.0,0.0,10.6,1,1,1,1,0,1,0
2026-07-01T12:11:00Z,SYN-004,train,normal_dry,SYNTHETIC-DRAIN-01,1,0,12.751,13.09,0.094,-0.018,0.339,0.0,0.0,0.0,16.5,1,1,1,1,0,1,0
2026-07-01T12:12:00Z,SYN-004,train,normal_dry,SYNTHETIC-DRAIN-01,1,0,12.818,13.084,-0.067,0.006,0.266,0.0,0.0,0.0,13.8,1,1,1,1,0,1,0
2026-07-01T12:13:00Z,SYN-004,train,normal_dry,SYNTHETIC-DRAIN-01,1,0,12.684,12.848,0.134,0.236,0.164,0.0,0.0,0.0,21.0,1,1,1,1,0,1,0
2026-07-01T12:14:00Z,SYN-004,train,normal_dry,SYNTHETIC-DRAIN-01,1,0,12.732,13.102,-0.048,-0.254,0.37,0.0,0.0,0.0,20.6,1,1,1,1,0,1,0
2026-07-01T12:15:00Z,SYN-004,train,normal_dry,SYNTHETIC-DRAIN-01,1,0,12.822,13.099,-0.09,0.003,0.277,0.0,0.0,0.0,9.2,1,1,1,1,0,0,
2026-07-01T12:16:00Z,SYN-004,train,normal_dry,SYNTHETIC-DRAIN-01,1,0,12.911,13.162,-0.089,-0.063,0.251,0.0,0.0,0.0,14.3,1,1,1,1,0,0,
2026-07-01T12:17:00Z,SYN-004,train,normal_dry,SYNTHETIC-DRAIN-01,1,0,12.676,12.964,0.235,0.198,0.288,0.0,0.0,0.0,20.2,1,1,1,1,0,0,
2026-07-01T12:18:00Z,SYN-004,train,normal_dry,SYNTHETIC-DRAIN-01,1,0,12.91,13.086,-0.234,-0.122,0.176,0.0,0.0,0.0,22.3,1,1,1,1,0,0,
2026-07-01T12:19:00Z,SYN-004,train,normal_dry,SYNTHETIC-DRAIN-01,1,0,12.96,13.217,-0.05,-0.131,0.257,0.0,0.0,0.0,13.3,1,1,1,1,0,0,
2026-07-01T15:00:00Z,SYN-005,train,rain_no_flood,SYNTHETIC-DRAIN-01,1,0,13.011,13.034,0.0,0.0,0.023,0.997,3.861,15.202,72.8,1,1,1,1,0,1,0
2026-07-01T15:01:00Z,SYN-005,train,rain_no_flood,SYNTHETIC-DRAIN-01,1,0,12.991,13.141,0.02,-0.107,0.15,1.104,4.279,16.812,77.0,1,1,1,1,0,1,0
2026-07-01T15:02:00Z,SYN-005,train,rain_no_flood,SYNTHETIC-DRAIN-01,1,0,13.022,13.174,-0.031,-0.033,0.152,0.854,4.241,17.888,76.0,1,1,1,1,0,1,0
2026-07-01T15:03:00Z,SYN-005,train,rain_no_flood,SYNTHETIC-DRAIN-01,1,0,12.944,13.159,0.078,0.015,0.215,1.006,4.839,18.773,71.3,1,1,1,1,0,1,0
2026-07-01T15:04:00Z,SYN-005,train,rain_no_flood,SYNTHETIC-DRAIN-01,1,0,12.97,13.286,-0.026,-0.127,0.316,1.038,4.77,19.258,73.8,1,1,1,1,0,1,0
2026-07-01T15:05:00Z,SYN-005,train,rain_no_flood,SYNTHETIC-DRAIN-01,1,0,13.052,13.087,-0.082,0.199,0.035,1.104,5.065,19.405,75.7,1,1,1,1,0,1,0
2026-07-01T15:06:00Z,SYN-005,train,rain_no_flood,SYNTHETIC-DRAIN-01,1,0,13.15,13.12,-0.098,-0.033,0.03,1.154,5.308,19.839,78.8,1,1,1,1,0,1,0
2026-07-01T15:07:00Z,SYN-005,train,rain_no_flood,SYNTHETIC-DRAIN-01,1,0,12.858,13.064,0.292,0.056,0.206,1.479,5.559,20.691,75.0,1,1,1,1,0,1,0
2026-07-01T15:08:00Z,SYN-005,train,rain_no_flood,SYNTHETIC-DRAIN-01,1,0,12.954,13.095,-0.096,-0.031,0.141,1.003,6.173,21.316,78.6,1,1,1,1,0,1,0
2026-07-01T15:09:00Z,SYN-005,train,rain_no_flood,SYNTHETIC-DRAIN-01,1,0,12.889,12.987,0.065,0.108,0.098,1.385,6.321,20.996,84.0,1,1,1,1,0,1,0
2026-07-01T15:10:00Z,SYN-005,train,rain_no_flood,SYNTHETIC-DRAIN-01,1,0,12.89,13.006,-0.001,-0.019,0.116,1.566,6.275,23.158,80.5,1,1,1,1,0,1,0
2026-07-01T15:11:00Z,SYN-005,train,rain_no_flood,SYNTHETIC-DRAIN-01,1,0,12.867,13.075,0.023,-0.069,0.208,1.399,6.465,23.543,82.1,1,1,1,1,0,1,0
2026-07-01T15:12:00Z,SYN-005,train,rain_no_flood,SYNTHETIC-DRAIN-01,1,0,12.743,13.023,0.124,0.052,0.28,1.591,6.773,23.378,85.7,1,1,1,1,0,1,0
2026-07-01T15:13:00Z,SYN-005,train,rain_no_flood,SYNTHETIC-DRAIN-01,1,0,12.72,12.985,0.023,0.038,0.265,1.536,7.529,24.844,87.3,1,1,1,1,0,1,0
2026-07-01T15:14:00Z,SYN-005,train,rain_no_flood,SYNTHETIC-DRAIN-01,1,0,12.647,12.901,0.073,0.084,0.254,1.661,7.674,25.733,86.7,1,1,1,1,0,1,0
2026-07-01T15:15:00Z,SYN-005,train,rain_no_flood,SYNTHETIC-DRAIN-01,1,0,12.744,12.918,-0.097,-0.017,0.174,1.695,7.867,26.369,89.7,1,1,1,1,0,0,
2026-07-01T15:16:00Z,SYN-005,train,rain_no_flood,SYNTHETIC-DRAIN-01,1,0,12.855,12.901,-0.111,0.017,0.046,1.915,7.777,25.556,89.9,1,1,1,1,0,0,
2026-07-01T15:17:00Z,SYN-005,train,rain_no_flood,SYNTHETIC-DRAIN-01,1,0,12.747,12.768,0.108,0.133,0.021,1.942,7.966,27.771,88.9,1,1,1,1,0,0,
2026-07-01T15:18:00Z,SYN-005,train,rain_no_flood,SYNTHETIC-DRAIN-01,1,0,12.649,13.009,0.098,-0.241,0.36,1.928,8.639,27.525,91.2,1,1,1,1,0,0,
2026-07-01T15:19:00Z,SYN-005,train,rain_no_flood,SYNTHETIC-DRAIN-01,1,0,12.717,13.04,-0.068,-0.031,0.323,1.97,8.698,28.82,87.7,1,1,1,1,0,0,
2026-07-01T18:00:00Z,SYN-006,train,rain_no_flood,SYNTHETIC-DRAIN-01,1,0,12.868,13.238,0.0,0.0,0.37,0.709,4.209,16.696,70.7,1,1,1,1,0,1,0
2026-07-01T18:01:00Z,SYN-006,train,rain_no_flood,SYNTHETIC-DRAIN-01,1,0,12.853,13.071,0.015,0.167,0.218,0.718,4.006,15.815,75.5,1,1,1,1,0,1,0
2026-07-01T18:02:00Z,SYN-006,train,rain_no_flood,SYNTHETIC-DRAIN-01,1,0,12.936,13.038,-0.083,0.033,0.102,1.079,4.654,17.411,77.6,1,1,1,1,0,1,0
2026-07-01T18:03:00Z,SYN-006,train,rain_no_flood,SYNTHETIC-DRAIN-01,1,0,12.992,13.233,-0.056,-0.195,0.241,0.87,4.778,18.652,72.1,1,1,1,1,0,1,0
2026-07-01T18:04:00Z,SYN-006,train,rain_no_flood,SYNTHETIC-DRAIN-01,1,0,13.085,13.187,-0.093,0.046,0.102,1.039,4.738,19.515,75.8,1,1,1,1,0,1,0
2026-07-01T18:05:00Z,SYN-006,train,rain_no_flood,SYNTHETIC-DRAIN-01,1,0,13.005,13.249,0.08,-0.062,0.244,1.021,5.289,18.385,80.1,1,1,1,1,0,1,0
2026-07-01T18:06:00Z,SYN-006,train,rain_no_flood,SYNTHETIC-DRAIN-01,1,0,12.968,13.196,0.037,0.053,0.228,1.227,5.326,19.591,79.8,1,1,1,1,0,1,0
2026-07-01T18:07:00Z,SYN-006,train,rain_no_flood,SYNTHETIC-DRAIN-01,1,0,13.139,13.058,-0.171,0.138,0.081,1.158,5.928,21.31,75.2,1,1,1,1,0,1,0
2026-07-01T18:08:00Z,SYN-006,train,rain_no_flood,SYNTHETIC-DRAIN-01,1,0,12.933,13.036,0.206,0.022,0.103,1.353,6.21,21.008,83.8,1,1,1,1,0,1,0
2026-07-01T18:09:00Z,SYN-006,train,rain_no_flood,SYNTHETIC-DRAIN-01,1,0,13.001,13.165,-0.068,-0.129,0.164,1.208,6.45,20.966,80.5,1,1,1,1,0,1,0
2026-07-01T18:10:00Z,SYN-006,train,rain_no_flood,SYNTHETIC-DRAIN-01,1,0,12.9,12.974,0.101,0.191,0.074,1.395,6.686,23.238,79.0,1,1,1,1,0,1,0
2026-07-01T18:11:00Z,SYN-006,train,rain_no_flood,SYNTHETIC-DRAIN-01,1,0,12.85,12.951,0.05,0.023,0.101,1.517,6.957,22.6,80.0,1,1,1,1,0,1,0
2026-07-01T18:12:00Z,SYN-006,train,rain_no_flood,SYNTHETIC-DRAIN-01,1,0,12.796,12.957,0.054,-0.006,0.161,1.578,7.175,22.95,84.8,1,1,1,1,0,1,0
2026-07-01T18:13:00Z,SYN-006,train,rain_no_flood,SYNTHETIC-DRAIN-01,1,0,12.675,12.908,0.121,0.049,0.233,1.648,7.471,25.398,81.4,1,1,1,1,0,1,0
2026-07-01T18:14:00Z,SYN-006,train,rain_no_flood,SYNTHETIC-DRAIN-01,1,0,12.737,12.961,-0.062,-0.053,0.224,1.556,7.332,24.784,86.8,1,1,1,1,0,1,0
2026-07-01T18:15:00Z,SYN-006,train,rain_no_flood,SYNTHETIC-DRAIN-01,1,0,12.637,13.127,0.1,-0.166,0.49,1.477,7.842,24.899,84.8,1,1,1,1,0,0,
2026-07-01T18:16:00Z,SYN-006,train,rain_no_flood,SYNTHETIC-DRAIN-01,1,0,12.629,12.979,0.008,0.148,0.35,1.69,8.21,25.619,87.0,1,1,1,1,0,0,
2026-07-01T18:17:00Z,SYN-006,train,rain_no_flood,SYNTHETIC-DRAIN-01,1,0,12.726,13.047,-0.097,-0.068,0.321,1.719,8.475,26.915,86.9,1,1,1,1,0,0,
2026-07-01T18:18:00Z,SYN-006,train,rain_no_flood,SYNTHETIC-DRAIN-01,1,0,12.65,12.987,0.076,0.06,0.337,1.708,8.243,27.677,87.9,1,1,1,1,0,0,
2026-07-01T18:19:00Z,SYN-006,train,rain_no_flood,SYNTHETIC-DRAIN-01,1,0,12.814,12.868,-0.164,0.119,0.054,2.101,8.827,27.842,88.9,1,1,1,1,0,0,
2026-07-01T21:00:00Z,SYN-007,train,rain_no_flood,SYNTHETIC-DRAIN-01,1,0,12.906,13.129,0.0,0.0,0.223,0.785,4.158,15.958,75.3,1,1,1,1,0,1,0
2026-07-01T21:01:00Z,SYN-007,train,rain_no_flood,SYNTHETIC-DRAIN-01,1,0,12.902,13.085,0.004,0.044,0.183,1.032,4.456,16.02,69.7,1,1,1,1,0,1,0
2026-07-01T21:02:00Z,SYN-007,train,rain_no_flood,SYNTHETIC-DRAIN-01,1,0,13.067,13.287,-0.165,-0.202,0.22,0.977,4.716,16.688,76.2,1,1,1,1,0,1,0
2026-07-01T21:03:00Z,SYN-007,train,rain_no_flood,SYNTHETIC-DRAIN-01,1,0,13.075,13.25,-0.008,0.037,0.175,0.949,4.654,17.6,72.1,1,1,1,1,0,1,0
2026-07-01T21:04:00Z,SYN-007,train,rain_no_flood,SYNTHETIC-DRAIN-01,1,0,12.924,13.209,0.151,0.041,0.285,0.881,4.771,19.033,76.6,1,1,1,1,0,1,0
2026-07-01T21:05:00Z,SYN-007,train,rain_no_flood,SYNTHETIC-DRAIN-01,1,0,13.02,13.322,-0.096,-0.113,0.302,0.968,5.349,20.067,78.9,1,1,1,1,0,1,0
2026-07-01T21:06:00Z,SYN-007,train,rain_no_flood,SYNTHETIC-DRAIN-01,1,0,13.129,12.994,-0.109,0.328,0.135,1.127,5.406,20.736,78.6,1,1,1,1,0,1,0
2026-07-01T21:07:00Z,SYN-007,train,rain_no_flood,SYNTHETIC-DRAIN-01,1,0,13.035,13.004,0.094,-0.01,0.031,1.153,6.015,20.768,82.2,1,1,1,1,0,1,0
2026-07-01T21:08:00Z,SYN-007,train,rain_no_flood,SYNTHETIC-DRAIN-01,1,0,12.756,13.224,0.279,-0.22,0.468,1.424,6.242,20.876,76.3,1,1,1,1,0,1,0
2026-07-01T21:09:00Z,SYN-007,train,rain_no_flood,SYNTHETIC-DRAIN-01,1,0,12.99,13.19,-0.234,0.034,0.2,1.32,6.15,21.802,79.8,1,1,1,1,0,1,0
2026-07-01T21:10:00Z,SYN-007,train,rain_no_flood,SYNTHETIC-DRAIN-01,1,0,12.672,13.223,0.318,-0.033,0.551,1.116,6.53,22.262,85.7,1,1,1,1,0,1,0
2026-07-01T21:11:00Z,SYN-007,train,rain_no_flood,SYNTHETIC-DRAIN-01,1,0,13.039,13.039,-0.367,0.184,0.0,1.436,6.853,23.409,83.5,1,1,1,1,0,1,0
2026-07-01T21:12:00Z,SYN-007,train,rain_no_flood,SYNTHETIC-DRAIN-01,1,0,12.849,13.074,0.19,-0.035,0.225,1.574,6.809,23.298,82.9,1,1,1,1,0,1,0
2026-07-01T21:13:00Z,SYN-007,train,rain_no_flood,SYNTHETIC-DRAIN-01,1,0,12.638,12.873,0.211,0.201,0.235,1.601,7.325,24.452,83.7,1,1,1,1,0,1,0
2026-07-01T21:14:00Z,SYN-007,train,rain_no_flood,SYNTHETIC-DRAIN-01,1,0,12.75,12.911,-0.112,-0.038,0.161,1.787,7.375,25.534,84.4,1,1,1,1,0,1,0
2026-07-01T21:15:00Z,SYN-007,train,rain_no_flood,SYNTHETIC-DRAIN-01,1,0,12.613,12.873,0.137,0.038,0.26,1.643,7.92,25.691,84.9,1,1,1,1,0,0,
2026-07-01T21:16:00Z,SYN-007,train,rain_no_flood,SYNTHETIC-DRAIN-01,1,0,12.703,12.981,-0.09,-0.108,0.278,1.764,7.707,26.426,90.5,1,1,1,1,0,0,
2026-07-01T21:17:00Z,SYN-007,train,rain_no_flood,SYNTHETIC-DRAIN-01,1,0,12.479,12.84,0.224,0.141,0.361,1.844,8.524,26.09,90.1,1,1,1,1,0,0,
2026-07-01T21:18:00Z,SYN-007,train,rain_no_flood,SYNTHETIC-DRAIN-01,1,0,12.583,12.789,-0.104,0.051,0.206,1.903,8.448,26.926,92.5,1,1,1,1,0,0,
2026-07-01T21:19:00Z,SYN-007,train,rain_no_flood,SYNTHETIC-DRAIN-01,1,0,12.659,12.898,-0.076,-0.109,0.239,1.755,8.834,28.742,94.0,1,1,1,1,0,0,
2026-07-02T00:00:00Z,SYN-008,train,segment_rise,SYNTHETIC-DRAIN-01,1,0,12.742,13.077,0.0,0.0,0.335,0.565,3.044,14.597,65.9,1,1,1,1,0,1,0
2026-07-02T00:01:00Z,SYN-008,train,segment_rise,SYNTHETIC-DRAIN-01,1,0,12.925,12.999,-0.183,0.078,0.074,0.523,3.16,15.196,70.6,1,1,1,1,0,1,0
2026-07-02T00:02:00Z,SYN-008,train,segment_rise,SYNTHETIC-DRAIN-01,1,0,12.979,13.153,-0.054,-0.154,0.174,0.744,3.908,16.009,71.4,1,1,1,1,0,1,0
2026-07-02T00:03:00Z,SYN-008,train,segment_rise,SYNTHETIC-DRAIN-01,1,0,12.907,13.241,0.072,-0.088,0.334,0.707,4.573,16.832,71.8,1,1,1,1,0,1,0
2026-07-02T00:04:00Z,SYN-008,train,segment_rise,SYNTHETIC-DRAIN-01,1,0,13.053,13.106,-0.146,0.135,0.053,0.953,4.577,17.657,73.7,1,1,1,1,0,1,0
2026-07-02T00:05:00Z,SYN-008,train,segment_rise,SYNTHETIC-DRAIN-01,1,0,12.55,13.021,0.503,0.085,0.471,1.211,5.216,17.849,75.3,1,1,1,1,0,1,0
2026-07-02T00:06:00Z,SYN-008,train,segment_rise,SYNTHETIC-DRAIN-01,1,0,12.223,12.453,0.327,0.568,0.23,1.222,5.64,20.063,74.2,1,1,1,1,0,1,0
2026-07-02T00:07:00Z,SYN-008,train,segment_rise,SYNTHETIC-DRAIN-01,1,0,11.577,11.988,0.646,0.465,0.411,1.261,6.069,21.18,79.4,1,1,1,1,0,1,0
2026-07-02T00:08:00Z,SYN-008,train,segment_rise,SYNTHETIC-DRAIN-01,1,0,11.333,11.752,0.244,0.236,0.419,1.626,6.52,22.197,77.2,1,1,1,1,0,1,0
2026-07-02T00:09:00Z,SYN-008,train,segment_rise,SYNTHETIC-DRAIN-01,1,0,10.914,11.233,0.419,0.519,0.319,1.657,6.852,22.09,82.8,1,1,1,1,0,1,0
2026-07-02T00:10:00Z,SYN-008,train,segment_rise,SYNTHETIC-DRAIN-01,1,0,10.222,10.805,0.692,0.428,0.583,1.715,7.625,23.91,81.5,1,1,1,1,0,1,0
2026-07-02T00:11:00Z,SYN-008,train,segment_rise,SYNTHETIC-DRAIN-01,1,0,9.637,10.398,0.585,0.407,0.761,1.933,8.029,23.225,86.3,1,1,1,1,0,1,1
2026-07-02T00:12:00Z,SYN-008,train,segment_rise,SYNTHETIC-DRAIN-01,1,0,9.415,9.955,0.222,0.443,0.54,1.861,8.689,25.331,86.0,1,1,1,1,0,1,1
2026-07-02T00:13:00Z,SYN-008,train,segment_rise,SYNTHETIC-DRAIN-01,1,0,8.911,9.725,0.504,0.23,0.814,1.91,8.604,26.227,84.5,1,1,1,1,0,1,1
2026-07-02T00:14:00Z,SYN-008,train,segment_rise,SYNTHETIC-DRAIN-01,1,0,8.649,9.222,0.262,0.503,0.573,1.905,9.466,26.63,91.1,1,1,1,1,0,1,1
2026-07-02T00:15:00Z,SYN-008,train,segment_rise,SYNTHETIC-DRAIN-01,1,0,8.055,8.804,0.594,0.418,0.749,2.323,9.516,26.545,91.4,1,1,1,1,0,0,
2026-07-02T00:16:00Z,SYN-008,train,segment_rise,SYNTHETIC-DRAIN-01,1,0,7.524,8.255,0.531,0.549,0.731,2.366,10.105,29.318,94.7,1,1,1,1,0,0,
2026-07-02T00:17:00Z,SYN-008,train,segment_rise,SYNTHETIC-DRAIN-01,1,0,7.132,8.094,0.392,0.161,0.962,2.539,10.755,29.052,93.9,1,1,1,1,0,0,
2026-07-02T00:18:00Z,SYN-008,train,segment_rise,SYNTHETIC-DRAIN-01,1,0,6.819,7.742,0.313,0.352,0.923,2.726,11.156,29.322,94.2,1,1,1,1,0,0,
2026-07-02T00:19:00Z,SYN-008,train,segment_rise,SYNTHETIC-DRAIN-01,1,0,6.552,7.33,0.267,0.412,0.778,2.836,11.674,30.983,96.0,1,1,1,1,0,0,
2026-07-02T03:00:00Z,SYN-009,train,segment_rise,SYNTHETIC-DRAIN-01,1,0,12.871,13.201,0.0,0.0,0.33,0.482,2.758,14.897,70.2,1,1,1,1,0,1,0
2026-07-02T03:01:00Z,SYN-009,train,segment_rise,SYNTHETIC-DRAIN-01,1,0,13.028,13.145,-0.157,0.056,0.117,0.653,3.168,15.76,69.3,1,1,1,1,0,1,0
2026-07-02T03:02:00Z,SYN-009,train,segment_rise,SYNTHETIC-DRAIN-01,1,0,12.99,13.121,0.038,0.024,0.131,0.886,4.067,16.078,72.0,1,1,1,1,0,1,0
2026-07-02T03:03:00Z,SYN-009,train,segment_rise,SYNTHETIC-DRAIN-01,1,0,13.055,13.147,-0.065,-0.026,0.092,0.922,4.054,15.745,73.5,1,1,1,1,0,1,0
2026-07-02T03:04:00Z,SYN-009,train,segment_rise,SYNTHETIC-DRAIN-01,1,0,13.116,13.168,-0.061,-0.021,0.052,0.975,4.675,18.198,74.3,1,1,1,1,0,1,0
2026-07-02T03:05:00Z,SYN-009,train,segment_rise,SYNTHETIC-DRAIN-01,1,0,12.579,12.892,0.537,0.276,0.313,1.186,5.242,18.54,76.2,1,1,1,1,0,1,0
2026-07-02T03:06:00Z,SYN-009,train,segment_rise,SYNTHETIC-DRAIN-01,1,0,12.147,12.553,0.432,0.339,0.406,1.28,5.819,19.391,77.0,1,1,1,1,0,1,0
2026-07-02T03:07:00Z,SYN-009,train,segment_rise,SYNTHETIC-DRAIN-01,1,0,11.756,12.16,0.391,0.393,0.404,1.226,6.405,20.267,80.1,1,1,1,1,0,1,0
2026-07-02T03:08:00Z,SYN-009,train,segment_rise,SYNTHETIC-DRAIN-01,1,0,11.22,11.542,0.536,0.618,0.322,1.459,6.723,20.718,83.0,1,1,1,1,0,1,0
2026-07-02T03:09:00Z,SYN-009,train,segment_rise,SYNTHETIC-DRAIN-01,1,0,10.86,11.13,0.36,0.412,0.27,1.656,7.348,22.474,82.8,1,1,1,1,0,1,0
2026-07-02T03:10:00Z,SYN-009,train,segment_rise,SYNTHETIC-DRAIN-01,1,0,10.159,10.778,0.701,0.352,0.619,1.787,7.599,22.002,81.9,1,1,1,1,0,1,0
2026-07-02T03:11:00Z,SYN-009,train,segment_rise,SYNTHETIC-DRAIN-01,1,0,9.914,10.375,0.245,0.403,0.461,1.763,8.067,22.97,86.0,1,1,1,1,0,1,1
2026-07-02T03:12:00Z,SYN-009,train,segment_rise,SYNTHETIC-DRAIN-01,1,0,9.372,9.988,0.542,0.387,0.616,2.052,8.111,24.275,87.6,1,1,1,1,0,1,1
2026-07-02T03:13:00Z,SYN-009,train,segment_rise,SYNTHETIC-DRAIN-01,1,0,8.875,9.362,0.497,0.626,0.487,2.257,8.686,25.166,85.0,1,1,1,1,0,1,1
2026-07-02T03:14:00Z,SYN-009,train,segment_rise,SYNTHETIC-DRAIN-01,1,0,8.474,9.133,0.401,0.229,0.659,2.076,9.206,27.158,88.2,1,1,1,1,0,1,1
2026-07-02T03:15:00Z,SYN-009,train,segment_rise,SYNTHETIC-DRAIN-01,1,0,8.07,8.901,0.404,0.232,0.831,2.406,9.823,26.597,92.9,1,1,1,1,0,0,
2026-07-02T03:16:00Z,SYN-009,train,segment_rise,SYNTHETIC-DRAIN-01,1,0,7.661,8.388,0.409,0.513,0.727,2.471,10.433,27.711,92.9,1,1,1,1,0,0,
2026-07-02T03:17:00Z,SYN-009,train,segment_rise,SYNTHETIC-DRAIN-01,1,0,7.252,7.921,0.409,0.467,0.669,2.482,10.935,28.316,95.6,1,1,1,1,0,0,
2026-07-02T03:18:00Z,SYN-009,train,segment_rise,SYNTHETIC-DRAIN-01,1,0,6.866,7.804,0.386,0.117,0.938,2.467,10.877,29.566,93.6,1,1,1,1,0,0,
2026-07-02T03:19:00Z,SYN-009,train,segment_rise,SYNTHETIC-DRAIN-01,1,0,6.511,7.399,0.355,0.405,0.888,2.798,11.536,30.799,97.7,1,1,1,1,0,0,
2026-07-02T06:00:00Z,SYN-010,train,segment_rise,SYNTHETIC-DRAIN-01,1,0,12.782,13.138,0.0,0.0,0.356,0.433,2.97,13.543,65.2,1,1,1,1,0,1,0
2026-07-02T06:01:00Z,SYN-010,train,segment_rise,SYNTHETIC-DRAIN-01,1,0,12.963,13.108,-0.181,0.03,0.145,0.504,3.625,14.329,68.7,1,1,1,1,0,1,0
2026-07-02T06:02:00Z,SYN-010,train,segment_rise,SYNTHETIC-DRAIN-01,1,0,12.944,13.151,0.019,-0.043,0.207,0.86,4.105,16.054,68.8,1,1,1,1,0,1,0
2026-07-02T06:03:00Z,SYN-010,train,segment_rise,SYNTHETIC-DRAIN-01,1,0,13.152,13.274,-0.208,-0.123,0.122,0.836,4.11,16.689,70.8,1,1,1,1,0,1,0
2026-07-02T06:04:00Z,SYN-010,train,segment_rise,SYNTHETIC-DRAIN-01,1,0,13.021,13.198,0.131,0.076,0.177,1.009,4.875,17.962,76.7,1,1,1,1,0,1,0
2026-07-02T06:05:00Z,SYN-010,train,segment_rise,SYNTHETIC-DRAIN-01,1,0,12.56,12.833,0.461,0.365,0.273,1.103,5.051,18.996,76.7,1,1,1,1,0,1,0
2026-07-02T06:06:00Z,SYN-010,train,segment_rise,SYNTHETIC-DRAIN-01,1,0,12.163,12.48,0.397,0.353,0.317,1.296,5.679,18.4,78.1,1,1,1,1,0,1,0
2026-07-02T06:07:00Z,SYN-010,train,segment_rise,SYNTHETIC-DRAIN-01,1,0,11.7,12.054,0.463,0.426,0.354,1.63,5.969,20.452,77.3,1,1,1,1,0,1,0
2026-07-02T06:08:00Z,SYN-010,train,segment_rise,SYNTHETIC-DRAIN-01,1,0,11.128,11.547,0.572,0.507,0.419,1.49,6.685,21.531,81.4,1,1,1,1,0,1,0
2026-07-02T06:09:00Z,SYN-010,train,segment_rise,SYNTHETIC-DRAIN-01,1,0,10.7,11.249,0.428,0.298,0.549,1.64,7.21,22.236,82.4,1,1,1,1,0,1,0
2026-07-02T06:10:00Z,SYN-010,train,segment_rise,SYNTHETIC-DRAIN-01,1,0,10.271,10.814,0.429,0.435,0.543,1.643,7.385,22.601,82.6,1,1,1,1,0,1,0
2026-07-02T06:11:00Z,SYN-010,train,segment_rise,SYNTHETIC-DRAIN-01,1,0,9.709,10.505,0.562,0.309,0.796,1.802,7.971,24.213,81.6,1,1,1,1,0,1,1
2026-07-02T06:12:00Z,SYN-010,train,segment_rise,SYNTHETIC-DRAIN-01,1,0,9.367,10.045,0.342,0.46,0.678,2.071,8.176,25.431,87.0,1,1,1,1,0,1,1
2026-07-02T06:13:00Z,SYN-010,train,segment_rise,SYNTHETIC-DRAIN-01,1,0,8.834,9.609,0.533,0.436,0.775,2.138,8.765,24.945,89.8,1,1,1,1,0,1,1
2026-07-02T06:14:00Z,SYN-010,train,segment_rise,SYNTHETIC-DRAIN-01,1,0,8.441,9.27,0.393,0.339,0.829,2.059,9.233,26.954,90.8,1,1,1,1,0,1,1
2026-07-02T06:15:00Z,SYN-010,train,segment_rise,SYNTHETIC-DRAIN-01,1,0,8.134,8.742,0.307,0.528,0.608,2.073,9.72,27.122,93.3,1,1,1,1,0,0,
2026-07-02T06:16:00Z,SYN-010,train,segment_rise,SYNTHETIC-DRAIN-01,1,0,7.42,8.357,0.714,0.385,0.937,2.499,10.139,29.211,94.7,1,1,1,1,0,0,
2026-07-02T06:17:00Z,SYN-010,train,segment_rise,SYNTHETIC-DRAIN-01,1,0,7.168,8.323,0.252,0.034,1.155,2.362,10.744,28.489,93.1,1,1,1,1,0,0,
2026-07-02T06:18:00Z,SYN-010,train,segment_rise,SYNTHETIC-DRAIN-01,1,0,6.985,7.762,0.183,0.561,0.777,2.63,10.818,31.138,92.3,1,1,1,1,0,0,
2026-07-02T06:19:00Z,SYN-010,train,segment_rise,SYNTHETIC-DRAIN-01,1,0,6.33,7.371,0.655,0.391,1.041,2.658,11.558,31.36,95.8,1,1,1,1,0,0,
2026-07-02T09:00:00Z,SYN-011,train,segment_rise,SYNTHETIC-DRAIN-01,1,0,12.926,13.103,0.0,0.0,0.177,0.544,2.821,14.784,69.2,1,1,1,1,0,1,0
2026-07-02T09:01:00Z,SYN-011,train,segment_rise,SYNTHETIC-DRAIN-01,1,0,13.007,13.191,-0.081,-0.088,0.184,0.643,3.587,15.841,70.7,1,1,1,1,0,1,0
2026-07-02T09:02:00Z,SYN-011,train,segment_rise,SYNTHETIC-DRAIN-01,1,0,12.913,13.167,0.094,0.024,0.254,0.975,4.172,15.704,70.5,1,1,1,1,0,1,0
2026-07-02T09:03:00Z,SYN-011,train,segment_rise,SYNTHETIC-DRAIN-01,1,0,13.014,13.191,-0.101,-0.024,0.177,0.986,4.192,17.091,73.7,1,1,1,1,0,1,0
2026-07-02T09:04:00Z,SYN-011,train,segment_rise,SYNTHETIC-DRAIN-01,1,0,13.017,13.205,-0.003,-0.014,0.188,0.982,4.979,18.207,72.0,1,1,1,1,0,1,0
2026-07-02T09:05:00Z,SYN-011,train,segment_rise,SYNTHETIC-DRAIN-01,1,0,12.665,12.883,0.352,0.322,0.218,1.03,5.193,17.545,77.8,1,1,1,1,0,1,0
2026-07-02T09:06:00Z,SYN-011,train,segment_rise,SYNTHETIC-DRAIN-01,1,0,12.217,12.294,0.448,0.589,0.077,1.315,5.965,20.231,74.7,1,1,1,1,0,1,0
2026-07-02T09:07:00Z,SYN-011,train,segment_rise,SYNTHETIC-DRAIN-01,1,0,11.722,11.976,0.495,0.318,0.254,1.384,6.208,21.055,79.1,1,1,1,1,0,1,0
2026-07-02T09:08:00Z,SYN-011,train,segment_rise,SYNTHETIC-DRAIN-01,1,0,11.289,11.596,0.433,0.38,0.307,1.23,6.485,21.659,81.3,1,1,1,1,0,1,0
2026-07-02T09:09:00Z,SYN-011,train,segment_rise,SYNTHETIC-DRAIN-01,1,0,10.725,11.26,0.564,0.336,0.535,1.552,7.307,22.505,79.0,1,1,1,1,0,1,0
2026-07-02T09:10:00Z,SYN-011,train,segment_rise,SYNTHETIC-DRAIN-01,1,0,10.331,10.736,0.394,0.524,0.405,1.638,7.793,22.535,81.5,1,1,1,1,0,1,0
2026-07-02T09:11:00Z,SYN-011,train,segment_rise,SYNTHETIC-DRAIN-01,1,0,9.73,10.384,0.601,0.352,0.654,1.737,7.997,23.824,86.1,1,1,1,1,0,1,1
2026-07-02T09:12:00Z,SYN-011,train,segment_rise,SYNTHETIC-DRAIN-01,1,0,9.522,9.965,0.208,0.419,0.443,2.0,8.178,25.469,83.7,1,1,1,1,0,1,1
2026-07-02T09:13:00Z,SYN-011,train,segment_rise,SYNTHETIC-DRAIN-01,1,0,8.947,9.493,0.575,0.472,0.546,2.196,8.665,25.388,84.5,1,1,1,1,0,1,1
2026-07-02T09:14:00Z,SYN-011,train,segment_rise,SYNTHETIC-DRAIN-01,1,0,8.424,9.234,0.523,0.259,0.81,2.215,9.241,26.832,86.7,1,1,1,1,0,1,1
2026-07-02T09:15:00Z,SYN-011,train,segment_rise,SYNTHETIC-DRAIN-01,1,0,8.186,8.829,0.238,0.405,0.643,2.421,9.819,28.174,92.0,1,1,1,1,0,0,
2026-07-02T09:16:00Z,SYN-011,train,segment_rise,SYNTHETIC-DRAIN-01,1,0,7.568,8.378,0.618,0.451,0.81,2.474,10.051,28.222,89.3,1,1,1,1,0,0,
2026-07-02T09:17:00Z,SYN-011,train,segment_rise,SYNTHETIC-DRAIN-01,1,0,7.272,8.02,0.296,0.358,0.748,2.55,10.729,29.126,91.7,1,1,1,1,0,0,
2026-07-02T09:18:00Z,SYN-011,train,segment_rise,SYNTHETIC-DRAIN-01,1,0,6.794,7.692,0.478,0.328,0.898,2.644,11.055,31.124,98.0,1,1,1,1,0,0,
2026-07-02T09:19:00Z,SYN-011,train,segment_rise,SYNTHETIC-DRAIN-01,1,0,6.482,7.313,0.312,0.379,0.831,2.908,11.792,31.357,97.9,1,1,1,1,0,0,
2026-07-02T12:00:00Z,SYN-012,train,local_blockage,SYNTHETIC-DRAIN-01,1,0,12.855,13.122,0.0,0.0,0.267,0.403,2.539,10.439,60.1,1,1,1,1,0,1,0
2026-07-02T12:01:00Z,SYN-012,train,local_blockage,SYNTHETIC-DRAIN-01,1,0,12.929,13.096,-0.074,0.026,0.167,0.403,2.964,10.945,60.4,1,1,1,1,0,1,0
2026-07-02T12:02:00Z,SYN-012,train,local_blockage,SYNTHETIC-DRAIN-01,1,0,12.91,13.24,0.019,-0.144,0.33,0.463,2.914,11.53,59.7,1,1,1,1,0,1,0
2026-07-02T12:03:00Z,SYN-012,train,local_blockage,SYNTHETIC-DRAIN-01,1,0,12.995,13.205,-0.085,0.035,0.21,0.648,3.255,11.613,67.1,1,1,1,1,0,1,0
2026-07-02T12:04:00Z,SYN-012,train,local_blockage,SYNTHETIC-DRAIN-01,1,0,13.12,13.185,-0.125,0.02,0.065,0.795,3.637,12.347,68.1,1,1,1,1,0,1,0
2026-07-02T12:05:00Z,SYN-012,train,local_blockage,SYNTHETIC-DRAIN-01,1,0,13.018,13.135,0.102,0.05,0.117,0.776,3.928,13.663,71.2,1,1,1,1,0,1,0
2026-07-02T12:06:00Z,SYN-012,train,local_blockage,SYNTHETIC-DRAIN-01,1,0,12.471,13.1,0.547,0.035,0.629,0.864,4.659,13.947,72.2,1,1,1,1,0,1,0
2026-07-02T12:07:00Z,SYN-012,train,local_blockage,SYNTHETIC-DRAIN-01,1,0,11.914,13.131,0.557,-0.031,1.217,0.814,4.661,14.673,68.7,1,1,1,1,0,1,0
2026-07-02T12:08:00Z,SYN-012,train,local_blockage,SYNTHETIC-DRAIN-01,1,0,11.416,12.885,0.498,0.246,1.469,1.083,5.256,14.717,70.2,1,1,1,1,0,1,0
2026-07-02T12:09:00Z,SYN-012,train,local_blockage,SYNTHETIC-DRAIN-01,1,0,10.898,12.712,0.518,0.173,1.814,1.151,5.471,14.676,73.1,1,1,1,1,0,1,0
2026-07-02T12:10:00Z,SYN-012,train,local_blockage,SYNTHETIC-DRAIN-01,1,0,10.325,12.66,0.573,0.052,2.335,1.161,5.606,15.757,72.6,1,1,1,1,0,1,1
2026-07-02T12:11:00Z,SYN-012,train,local_blockage,SYNTHETIC-DRAIN-01,1,0,9.715,12.7,0.61,-0.04,2.985,1.265,6.263,15.913,77.6,1,1,1,1,0,1,1
2026-07-02T12:12:00Z,SYN-012,train,local_blockage,SYNTHETIC-DRAIN-01,1,0,9.379,12.401,0.336,0.299,3.022,1.175,6.333,17.499,82.1,1,1,1,1,0,1,1
2026-07-02T12:13:00Z,SYN-012,train,local_blockage,SYNTHETIC-DRAIN-01,1,0,8.698,12.227,0.681,0.174,3.529,1.344,6.843,17.16,78.3,1,1,1,1,0,1,1
2026-07-02T12:14:00Z,SYN-012,train,local_blockage,SYNTHETIC-DRAIN-01,1,0,8.319,12.347,0.379,-0.12,4.028,1.519,7.129,17.99,85.8,1,1,1,1,0,1,1
2026-07-02T12:15:00Z,SYN-012,train,local_blockage,SYNTHETIC-DRAIN-01,1,0,7.809,12.232,0.51,0.115,4.423,1.636,7.172,19.069,80.9,1,1,1,1,0,0,
2026-07-02T12:16:00Z,SYN-012,train,local_blockage,SYNTHETIC-DRAIN-01,1,0,7.29,12.128,0.519,0.104,4.838,1.484,7.582,19.46,88.2,1,1,1,1,0,0,
2026-07-02T12:17:00Z,SYN-012,train,local_blockage,SYNTHETIC-DRAIN-01,1,0,6.674,11.944,0.616,0.184,5.27,1.67,7.928,20.707,88.1,1,1,1,1,0,0,
2026-07-02T12:18:00Z,SYN-012,train,local_blockage,SYNTHETIC-DRAIN-01,1,0,6.441,11.95,0.233,-0.006,5.509,1.658,8.048,20.278,87.4,1,1,1,1,0,0,
2026-07-02T12:19:00Z,SYN-012,train,local_blockage,SYNTHETIC-DRAIN-01,1,0,5.857,12.042,0.584,-0.092,6.185,1.929,8.749,21.129,89.7,1,1,1,1,0,0,
2026-07-02T15:00:00Z,SYN-013,train,local_blockage,SYNTHETIC-DRAIN-01,1,0,12.983,13.011,0.0,0.0,0.028,0.463,2.596,9.764,60.3,1,1,1,1,0,1,0
2026-07-02T15:01:00Z,SYN-013,train,local_blockage,SYNTHETIC-DRAIN-01,1,0,13.001,13.151,-0.018,-0.14,0.15,0.416,2.86,10.731,58.9,1,1,1,1,0,1,0
2026-07-02T15:02:00Z,SYN-013,train,local_blockage,SYNTHETIC-DRAIN-01,1,0,12.994,13.155,0.007,-0.004,0.161,0.507,2.995,10.636,66.7,1,1,1,1,0,1,0
2026-07-02T15:03:00Z,SYN-013,train,local_blockage,SYNTHETIC-DRAIN-01,1,0,12.988,13.163,0.006,-0.008,0.175,0.501,3.673,11.938,66.6,1,1,1,1,0,1,0
2026-07-02T15:04:00Z,SYN-013,train,local_blockage,SYNTHETIC-DRAIN-01,1,0,13.113,13.175,-0.125,-0.012,0.062,0.682,3.871,12.167,65.1,1,1,1,1,0,1,0
2026-07-02T15:05:00Z,SYN-013,train,local_blockage,SYNTHETIC-DRAIN-01,1,0,13.031,13.128,0.082,0.047,0.097,0.811,4.013,12.998,66.8,1,1,1,1,0,1,0
2026-07-02T15:06:00Z,SYN-013,train,local_blockage,SYNTHETIC-DRAIN-01,1,0,12.427,13.123,0.604,0.005,0.696,0.764,4.508,13.296,70.8,1,1,1,1,0,1,0
2026-07-02T15:07:00Z,SYN-013,train,local_blockage,SYNTHETIC-DRAIN-01,1,0,12.039,13.053,0.388,0.07,1.014,0.999,4.605,13.835,71.9,1,1,1,1,0,1,0
2026-07-02T15:08:00Z,SYN-013,train,local_blockage,SYNTHETIC-DRAIN-01,1,0,11.449,13.012,0.59,0.041,1.563,0.881,5.13,14.391,76.0,1,1,1,1,0,1,0
2026-07-02T15:09:00Z,SYN-013,train,local_blockage,SYNTHETIC-DRAIN-01,1,0,10.88,12.84,0.569,0.172,1.96,0.98,5.344,14.628,77.2,1,1,1,1,0,1,0
2026-07-02T15:10:00Z,SYN-013,train,local_blockage,SYNTHETIC-DRAIN-01,1,0,10.396,12.779,0.484,0.061,2.383,0.982,5.894,16.571,75.0,1,1,1,1,0,1,1
2026-07-02T15:11:00Z,SYN-013,train,local_blockage,SYNTHETIC-DRAIN-01,1,0,9.787,12.663,0.609,0.116,2.876,1.234,6.118,17.332,78.4,1,1,1,1,0,1,1
2026-07-02T15:12:00Z,SYN-013,train,local_blockage,SYNTHETIC-DRAIN-01,1,0,9.218,12.332,0.569,0.331,3.114,1.399,6.231,16.677,80.0,1,1,1,1,0,1,1
2026-07-02T15:13:00Z,SYN-013,train,local_blockage,SYNTHETIC-DRAIN-01,1,0,8.819,12.383,0.399,-0.051,3.564,1.35,6.627,18.378,80.4,1,1,1,1,0,1,1
2026-07-02T15:14:00Z,SYN-013,train,local_blockage,SYNTHETIC-DRAIN-01,1,0,8.349,12.309,0.47,0.074,3.96,1.522,6.981,19.051,82.2,1,1,1,1,0,1,1
2026-07-02T15:15:00Z,SYN-013,train,local_blockage,SYNTHETIC-DRAIN-01,1,0,7.791,12.232,0.558,0.077,4.441,1.553,7.174,19.547,87.2,1,1,1,1,0,0,
2026-07-02T15:16:00Z,SYN-013,train,local_blockage,SYNTHETIC-DRAIN-01,1,0,7.295,12.121,0.496,0.111,4.826,1.606,7.493,19.399,82.1,1,1,1,1,0,0,
2026-07-02T15:17:00Z,SYN-013,train,local_blockage,SYNTHETIC-DRAIN-01,1,0,6.699,12.039,0.596,0.082,5.34,1.748,7.701,20.02,85.9,1,1,1,1,0,0,
2026-07-02T15:18:00Z,SYN-013,train,local_blockage,SYNTHETIC-DRAIN-01,1,0,6.154,12.048,0.545,-0.009,5.894,1.769,8.149,21.49,92.6,1,1,1,1,0,0,
2026-07-02T15:19:00Z,SYN-013,train,local_blockage,SYNTHETIC-DRAIN-01,1,0,5.863,12.138,0.291,-0.09,6.275,1.606,8.731,20.68,91.5,1,1,1,1,0,0,
2026-07-02T18:00:00Z,SYN-014,train,critical_fast_rise,SYNTHETIC-DRAIN-01,1,0,12.862,13.134,0.0,0.0,0.272,1.153,6.844,27.932,82.2,1,1,1,1,0,1,0
2026-07-02T18:01:00Z,SYN-014,train,critical_fast_rise,SYNTHETIC-DRAIN-01,1,0,12.961,13.083,-0.099,0.051,0.122,1.068,7.495,29.024,85.3,1,1,1,1,0,1,0
2026-07-02T18:02:00Z,SYN-014,train,critical_fast_rise,SYNTHETIC-DRAIN-01,1,0,12.986,13.242,-0.025,-0.159,0.256,1.516,7.752,30.815,84.8,1,1,1,1,0,1,0
2026-07-02T18:03:00Z,SYN-014,train,critical_fast_rise,SYNTHETIC-DRAIN-01,1,0,13.008,13.072,-0.022,0.17,0.064,1.762,8.617,31.191,84.3,1,1,1,1,0,1,0
2026-07-02T18:04:00Z,SYN-014,train,critical_fast_rise,SYNTHETIC-DRAIN-01,1,0,13.022,13.088,-0.014,-0.016,0.066,1.899,9.537,31.842,88.0,1,1,1,1,0,1,0
2026-07-02T18:05:00Z,SYN-014,train,critical_fast_rise,SYNTHETIC-DRAIN-01,1,0,13.05,13.256,-0.028,-0.168,0.206,2.071,9.605,33.973,89.6,1,1,1,1,0,1,0
2026-07-02T18:06:00Z,SYN-014,train,critical_fast_rise,SYNTHETIC-DRAIN-01,1,0,13.157,13.102,-0.107,0.154,0.055,2.398,10.394,34.096,85.8,1,1,1,1,0,1,0
2026-07-02T18:07:00Z,SYN-014,train,critical_fast_rise,SYNTHETIC-DRAIN-01,1,0,13.087,13.113,0.07,-0.011,0.026,2.255,10.818,35.958,90.7,1,1,1,1,0,1,0
2026-07-02T18:08:00Z,SYN-014,train,critical_fast_rise,SYNTHETIC-DRAIN-01,1,0,12.191,12.594,0.896,0.519,0.403,2.55,11.58,37.306,88.3,1,1,1,1,0,1,1
2026-07-02T18:09:00Z,SYN-014,train,critical_fast_rise,SYNTHETIC-DRAIN-01,1,0,11.238,11.83,0.953,0.764,0.592,2.907,12.029,37.635,88.6,1,1,1,1,0,1,1
2026-07-02T18:10:00Z,SYN-014,train,critical_fast_rise,SYNTHETIC-DRAIN-01,1,0,10.249,11.085,0.989,0.745,0.836,2.885,12.584,38.114,90.1,1,1,1,1,0,1,1
2026-07-02T18:11:00Z,SYN-014,train,critical_fast_rise,SYNTHETIC-DRAIN-01,1,0,9.475,10.317,0.774,0.768,0.842,3.151,12.98,40.706,94.6,1,1,1,1,0,1,1
2026-07-02T18:12:00Z,SYN-014,train,critical_fast_rise,SYNTHETIC-DRAIN-01,1,0,8.767,9.494,0.708,0.823,0.727,3.422,13.646,41.675,95.9,1,1,1,1,0,1,1
2026-07-02T18:13:00Z,SYN-014,train,critical_fast_rise,SYNTHETIC-DRAIN-01,1,0,7.925,8.867,0.842,0.627,0.942,3.691,13.888,42.417,95.2,1,1,1,1,0,0,
2026-07-02T18:14:00Z,SYN-014,train,critical_fast_rise,SYNTHETIC-DRAIN-01,1,0,7.055,8.109,0.87,0.758,1.054,3.697,14.91,42.706,97.0,1,1,1,1,0,0,
2026-07-02T18:15:00Z,SYN-014,train,critical_fast_rise,SYNTHETIC-DRAIN-01,1,0,6.114,7.421,0.941,0.688,1.307,3.888,15.102,43.543,97.1,1,1,1,1,0,0,
2026-07-02T18:16:00Z,SYN-014,train,critical_fast_rise,SYNTHETIC-DRAIN-01,1,0,5.446,6.6,0.668,0.821,1.154,4.039,15.407,45.581,95.3,1,1,1,1,0,0,
2026-07-02T18:17:00Z,SYN-014,train,critical_fast_rise,SYNTHETIC-DRAIN-01,1,0,4.756,6.207,0.69,0.393,1.451,4.235,16.131,47.322,97.0,1,1,1,1,0,0,
2026-07-02T18:18:00Z,SYN-014,train,critical_fast_rise,SYNTHETIC-DRAIN-01,1,0,3.896,5.487,0.86,0.72,1.591,4.514,17.213,47.542,99.9,1,1,1,1,0,0,
2026-07-02T18:19:00Z,SYN-014,train,critical_fast_rise,SYNTHETIC-DRAIN-01,1,0,3.099,4.707,0.797,0.78,1.608,4.376,17.81,49.049,100.0,1,1,1,1,0,0,
2026-07-02T21:00:00Z,SYN-015,train,sensor_fault,SYNTHETIC-DRAIN-01,1,0,12.919,13.228,0.0,0.0,0.309,0.566,2.0,8.0,58.0,1,1,1,1,0,1,0
2026-07-02T21:01:00Z,SYN-015,train,sensor_fault,SYNTHETIC-DRAIN-01,1,0,12.994,13.053,-0.075,0.175,0.059,0.566,2.2,8.35,59.0,1,1,1,1,0,1,0
2026-07-02T21:02:00Z,SYN-015,train,sensor_fault,SYNTHETIC-DRAIN-01,1,0,13.022,13.094,-0.028,-0.041,0.072,0.405,2.4,8.7,60.0,1,1,1,1,0,1,0
2026-07-02T21:03:00Z,SYN-015,train,sensor_fault,SYNTHETIC-DRAIN-01,1,0,13.218,13.192,-0.196,-0.098,0.026,0.431,2.6,9.05,61.0,1,1,1,1,0,1,0
2026-07-02T21:04:00Z,SYN-015,train,sensor_fault,SYNTHETIC-DRAIN-01,1,0,13.134,13.215,0.084,-0.023,0.081,0.679,2.8,9.4,62.0,1,1,1,1,0,1,0
2026-07-02T21:05:00Z,SYN-015,train,sensor_fault,SYNTHETIC-DRAIN-01,1,0,12.995,13.279,0.139,-0.064,0.284,0.507,3.0,9.75,63.0,1,1,1,1,0,1,0
2026-07-02T21:06:00Z,SYN-015,train,sensor_fault,SYNTHETIC-DRAIN-01,1,0,12.985,13.237,0.01,0.042,0.252,0.741,3.2,10.1,64.0,1,1,1,1,0,1,0
2026-07-02T21:07:00Z,SYN-015,train,sensor_fault,SYNTHETIC-DRAIN-01,1,0,12.944,13.19,0.041,0.047,0.246,0.571,3.4,10.45,65.0,1,1,1,1,0,1,0
2026-07-02T21:08:00Z,SYN-015,train,sensor_fault,SYNTHETIC-DRAIN-01,1,0,12.999,13.148,-0.055,0.042,0.149,0.609,3.6,10.8,66.0,0,1,1,1,0,1,0
2026-07-02T21:09:00Z,SYN-015,train,sensor_fault,SYNTHETIC-DRAIN-01,1,0,13.081,12.939,-0.082,0.209,0.142,0.653,3.8,11.15,67.0,0,1,1,1,0,1,0
2026-07-02T21:10:00Z,SYN-015,train,sensor_fault,SYNTHETIC-DRAIN-01,1,0,12.803,13.237,0.278,-0.298,0.434,0.842,4.0,11.5,68.0,0,1,0,1,0,1,0
2026-07-02T21:11:00Z,SYN-015,train,sensor_fault,SYNTHETIC-DRAIN-01,1,0,12.878,13.13,-0.075,0.107,0.252,0.985,4.2,11.85,69.0,0,1,0,1,0,1,0
2026-07-02T21:12:00Z,SYN-015,train,sensor_fault,SYNTHETIC-DRAIN-01,1,0,12.613,13.025,0.265,0.105,0.412,0.756,4.4,12.2,70.0,0,1,0,1,0,1,0
2026-07-02T21:13:00Z,SYN-015,train,sensor_fault,SYNTHETIC-DRAIN-01,1,0,12.945,13.072,-0.332,-0.047,0.127,0.878,4.6,12.55,71.0,1,1,1,1,0,1,0
2026-07-02T21:14:00Z,SYN-015,train,sensor_fault,SYNTHETIC-DRAIN-01,1,0,12.771,13.114,0.174,-0.042,0.343,0.917,4.8,12.9,72.0,1,1,1,1,0,1,0
2026-07-02T21:15:00Z,SYN-015,train,sensor_fault,SYNTHETIC-DRAIN-01,1,0,12.862,12.978,-0.091,0.136,0.116,0.991,5.0,13.25,73.0,1,1,1,1,0,0,
2026-07-02T21:16:00Z,SYN-015,train,sensor_fault,SYNTHETIC-DRAIN-01,1,0,12.875,13.043,-0.013,-0.065,0.168,0.94,5.2,13.6,74.0,1,1,1,1,0,0,
2026-07-02T21:17:00Z,SYN-015,train,sensor_fault,SYNTHETIC-DRAIN-01,1,0,12.967,13.136,-0.092,-0.093,0.169,1.041,5.4,13.95,75.0,1,1,1,1,0,0,
2026-07-02T21:18:00Z,SYN-015,train,sensor_fault,SYNTHETIC-DRAIN-01,1,0,12.855,13.054,0.112,0.082,0.199,1.005,5.6,14.3,76.0,1,1,1,1,0,0,
2026-07-02T21:19:00Z,SYN-015,train,sensor_fault,SYNTHETIC-DRAIN-01,1,0,12.9,13.051,-0.045,0.003,0.151,1.188,5.8,14.65,77.0,1,1,1,1,0,0,
2026-07-03T00:00:00Z,SYN-016,train,sensor_fault,SYNTHETIC-DRAIN-01,1,0,12.947,13.256,0.0,0.0,0.309,0.492,2.0,8.0,58.0,1,1,1,1,0,1,0
2026-07-03T00:01:00Z,SYN-016,train,sensor_fault,SYNTHETIC-DRAIN-01,1,0,12.886,13.222,0.061,0.034,0.336,0.402,2.2,8.35,59.0,1,1,1,1,0,1,0
2026-07-03T00:02:00Z,SYN-016,train,sensor_fault,SYNTHETIC-DRAIN-01,1,0,12.892,13.335,-0.006,-0.113,0.443,0.505,2.4,8.7,60.0,1,1,1,1,0,1,0
2026-07-03T00:03:00Z,SYN-016,train,sensor_fault,SYNTHETIC-DRAIN-01,1,0,13.1,13.219,-0.208,0.116,0.119,0.602,2.6,9.05,61.0,1,1,1,1,0,1,0
2026-07-03T00:04:00Z,SYN-016,train,sensor_fault,SYNTHETIC-DRAIN-01,1,0,13.047,13.191,0.053,0.028,0.144,0.434,2.8,9.4,62.0,1,1,1,1,0,1,0
2026-07-03T00:05:00Z,SYN-016,train,sensor_fault,SYNTHETIC-DRAIN-01,1,0,12.918,13.172,0.129,0.019,0.254,0.629,3.0,9.75,63.0,1,1,1,1,0,1,0
2026-07-03T00:06:00Z,SYN-016,train,sensor_fault,SYNTHETIC-DRAIN-01,1,0,13.054,13.165,-0.136,0.007,0.111,0.644,3.2,10.1,64.0,1,1,1,1,0,1,0
2026-07-03T00:07:00Z,SYN-016,train,sensor_fault,SYNTHETIC-DRAIN-01,1,0,12.964,13.069,0.09,0.096,0.105,0.577,3.4,10.45,65.0,1,1,1,1,0,1,0
2026-07-03T00:08:00Z,SYN-016,train,sensor_fault,SYNTHETIC-DRAIN-01,1,0,12.999,12.943,-0.035,0.126,0.056,0.787,3.6,10.8,66.0,0,1,1,1,0,1,0
2026-07-03T00:09:00Z,SYN-016,train,sensor_fault,SYNTHETIC-DRAIN-01,1,0,12.921,13.074,0.078,-0.131,0.153,0.698,3.8,11.15,67.0,0,1,1,1,0,1,0
2026-07-03T00:10:00Z,SYN-016,train,sensor_fault,SYNTHETIC-DRAIN-01,1,0,12.917,13.089,0.004,-0.015,0.172,0.718,4.0,11.5,68.0,0,1,0,1,0,1,0
2026-07-03T00:11:00Z,SYN-016,train,sensor_fault,SYNTHETIC-DRAIN-01,1,0,12.859,12.962,0.058,0.127,0.103,0.785,4.2,11.85,69.0,0,1,0,1,0,1,0
2026-07-03T00:12:00Z,SYN-016,train,sensor_fault,SYNTHETIC-DRAIN-01,1,0,12.697,13.034,0.162,-0.072,0.337,0.84,4.4,12.2,70.0,0,1,0,1,0,1,0
2026-07-03T00:13:00Z,SYN-016,train,sensor_fault,SYNTHETIC-DRAIN-01,1,0,12.764,13.006,-0.067,0.028,0.242,0.935,4.6,12.55,71.0,1,1,1,1,0,1,0
2026-07-03T00:14:00Z,SYN-016,train,sensor_fault,SYNTHETIC-DRAIN-01,1,0,12.695,12.876,0.069,0.13,0.181,1.106,4.8,12.9,72.0,1,1,1,1,0,1,0
2026-07-03T00:15:00Z,SYN-016,train,sensor_fault,SYNTHETIC-DRAIN-01,1,0,12.757,12.932,-0.062,-0.056,0.175,1.004,5.0,13.25,73.0,1,1,1,1,0,0,
2026-07-03T00:16:00Z,SYN-016,train,sensor_fault,SYNTHETIC-DRAIN-01,1,0,12.778,12.989,-0.021,-0.057,0.211,0.936,5.2,13.6,74.0,1,1,1,1,0,0,
2026-07-03T00:17:00Z,SYN-016,train,sensor_fault,SYNTHETIC-DRAIN-01,1,0,12.853,12.962,-0.075,0.027,0.109,1.178,5.4,13.95,75.0,1,1,1,1,0,0,
2026-07-03T00:18:00Z,SYN-016,train,sensor_fault,SYNTHETIC-DRAIN-01,1,0,12.899,13.065,-0.046,-0.103,0.166,1.243,5.6,14.3,76.0,1,1,1,1,0,0,
2026-07-03T00:19:00Z,SYN-016,train,sensor_fault,SYNTHETIC-DRAIN-01,1,0,12.988,13.177,-0.089,-0.112,0.189,1.214,5.8,14.65,77.0,1,1,1,1,0,0,
2026-07-03T03:00:00Z,SYN-017,validation,normal_dry,SYNTHETIC-DRAIN-01,1,0,12.794,13.068,0.0,0.0,0.274,0.0,0.0,0.0,15.1,1,1,1,1,0,1,0
2026-07-03T03:01:00Z,SYN-017,validation,normal_dry,SYNTHETIC-DRAIN-01,1,0,13.005,13.185,-0.211,-0.117,0.18,0.0,0.0,0.0,14.3,1,1,1,1,0,1,0
2026-07-03T03:02:00Z,SYN-017,validation,normal_dry,SYNTHETIC-DRAIN-01,1,0,13.09,13.089,-0.085,0.096,0.001,0.0,0.0,0.0,14.0,1,1,1,1,0,1,0
2026-07-03T03:03:00Z,SYN-017,validation,normal_dry,SYNTHETIC-DRAIN-01,1,0,13.065,13.217,0.025,-0.128,0.152,0.0,0.0,0.0,17.4,1,1,1,1,0,1,0
2026-07-03T03:04:00Z,SYN-017,validation,normal_dry,SYNTHETIC-DRAIN-01,1,0,13.091,13.124,-0.026,0.093,0.033,0.0,0.0,0.0,14.4,1,1,1,1,0,1,0
2026-07-03T03:05:00Z,SYN-017,validation,normal_dry,SYNTHETIC-DRAIN-01,1,0,13.142,13.204,-0.051,-0.08,0.062,0.0,0.0,0.0,18.8,1,1,1,1,0,1,0
2026-07-03T03:06:00Z,SYN-017,validation,normal_dry,SYNTHETIC-DRAIN-01,1,0,13.052,13.173,0.09,0.031,0.121,0.0,0.0,0.0,21.3,1,1,1,1,0,1,0
2026-07-03T03:07:00Z,SYN-017,validation,normal_dry,SYNTHETIC-DRAIN-01,1,0,12.878,13.153,0.174,0.02,0.275,0.0,0.0,0.0,17.5,1,1,1,1,0,1,0
2026-07-03T03:08:00Z,SYN-017,validation,normal_dry,SYNTHETIC-DRAIN-01,1,0,12.858,12.95,0.02,0.203,0.092,0.0,0.0,0.0,9.0,1,1,1,1,0,1,0
2026-07-03T03:09:00Z,SYN-017,validation,normal_dry,SYNTHETIC-DRAIN-01,1,0,13.041,13.155,-0.183,-0.205,0.114,0.0,0.0,0.0,16.4,1,1,1,1,0,1,0
2026-07-03T03:10:00Z,SYN-017,validation,normal_dry,SYNTHETIC-DRAIN-01,1,0,12.987,13.085,0.054,0.07,0.098,0.0,0.0,0.0,13.9,1,1,1,1,0,1,0
2026-07-03T03:11:00Z,SYN-017,validation,normal_dry,SYNTHETIC-DRAIN-01,1,0,12.725,13.023,0.262,0.062,0.298,0.0,0.0,0.0,16.4,1,1,1,1,0,1,0
2026-07-03T03:12:00Z,SYN-017,validation,normal_dry,SYNTHETIC-DRAIN-01,1,0,12.741,13.138,-0.016,-0.115,0.397,0.0,0.0,0.0,22.3,1,1,1,1,0,1,0
2026-07-03T03:13:00Z,SYN-017,validation,normal_dry,SYNTHETIC-DRAIN-01,1,0,12.668,13.092,0.073,0.046,0.424,0.0,0.0,0.0,14.5,1,1,1,1,0,1,0
2026-07-03T03:14:00Z,SYN-017,validation,normal_dry,SYNTHETIC-DRAIN-01,1,0,12.793,12.951,-0.125,0.141,0.158,0.0,0.0,0.0,20.2,1,1,1,1,0,1,0
2026-07-03T03:15:00Z,SYN-017,validation,normal_dry,SYNTHETIC-DRAIN-01,1,0,12.914,12.918,-0.121,0.033,0.004,0.0,0.0,0.0,8.4,1,1,1,1,0,0,
2026-07-03T03:16:00Z,SYN-017,validation,normal_dry,SYNTHETIC-DRAIN-01,1,0,12.824,12.972,0.09,-0.054,0.148,0.0,0.0,0.0,14.7,1,1,1,1,0,0,
2026-07-03T03:17:00Z,SYN-017,validation,normal_dry,SYNTHETIC-DRAIN-01,1,0,12.753,13.265,0.071,-0.293,0.512,0.0,0.0,0.0,14.1,1,1,1,1,0,0,
2026-07-03T03:18:00Z,SYN-017,validation,normal_dry,SYNTHETIC-DRAIN-01,1,0,12.799,13.082,-0.046,0.183,0.283,0.0,0.0,0.0,10.3,1,1,1,1,0,0,
2026-07-03T03:19:00Z,SYN-017,validation,normal_dry,SYNTHETIC-DRAIN-01,1,0,12.958,13.02,-0.159,0.062,0.062,0.0,0.0,0.0,15.4,1,1,1,1,0,0,
2026-07-03T06:00:00Z,SYN-018,validation,segment_rise,SYNTHETIC-DRAIN-01,1,0,12.865,13.124,0.0,0.0,0.259,0.426,3.286,14.381,67.2,1,1,1,1,0,1,0
2026-07-03T06:01:00Z,SYN-018,validation,segment_rise,SYNTHETIC-DRAIN-01,1,0,12.904,13.215,-0.039,-0.091,0.311,0.427,3.441,15.541,67.0,1,1,1,1,0,1,0
2026-07-03T06:02:00Z,SYN-018,validation,segment_rise,SYNTHETIC-DRAIN-01,1,0,12.928,13.124,-0.024,0.091,0.196,0.796,4.14,16.625,71.2,1,1,1,1,0,1,0
2026-07-03T06:03:00Z,SYN-018,validation,segment_rise,SYNTHETIC-DRAIN-01,1,0,13.046,13.148,-0.118,-0.024,0.102,0.86,4.201,17.313,73.9,1,1,1,1,0,1,0
2026-07-03T06:04:00Z,SYN-018,validation,segment_rise,SYNTHETIC-DRAIN-01,1,0,12.982,13.304,0.064,-0.156,0.322,0.917,5.09,18.428,71.9,1,1,1,1,0,1,0
2026-07-03T06:05:00Z,SYN-018,validation,segment_rise,SYNTHETIC-DRAIN-01,1,0,12.614,12.816,0.368,0.488,0.202,1.024,5.509,17.987,74.9,1,1,1,1,0,1,0
2026-07-03T06:06:00Z,SYN-018,validation,segment_rise,SYNTHETIC-DRAIN-01,1,0,12.13,12.341,0.484,0.475,0.211,1.114,5.715,20.32,76.2,1,1,1,1,0,1,0
2026-07-03T06:07:00Z,SYN-018,validation,segment_rise,SYNTHETIC-DRAIN-01,1,0,11.864,12.185,0.266,0.156,0.321,1.22,5.853,20.657,79.8,1,1,1,1,0,1,0
2026-07-03T06:08:00Z,SYN-018,validation,segment_rise,SYNTHETIC-DRAIN-01,1,0,11.173,11.701,0.691,0.484,0.528,1.596,6.497,21.871,82.3,1,1,1,1,0,1,0
2026-07-03T06:09:00Z,SYN-018,validation,segment_rise,SYNTHETIC-DRAIN-01,1,0,10.759,11.304,0.414,0.397,0.545,1.602,7.159,21.895,79.7,1,1,1,1,0,1,0
2026-07-03T06:10:00Z,SYN-018,validation,segment_rise,SYNTHETIC-DRAIN-01,1,0,10.278,10.836,0.481,0.468,0.558,1.772,7.265,22.242,85.9,1,1,1,1,0,1,0
2026-07-03T06:11:00Z,SYN-018,validation,segment_rise,SYNTHETIC-DRAIN-01,1,0,9.879,10.494,0.399,0.342,0.615,1.849,7.662,24.864,86.3,1,1,1,1,0,1,1
2026-07-03T06:12:00Z,SYN-018,validation,segment_rise,SYNTHETIC-DRAIN-01,1,0,9.33,10.035,0.549,0.459,0.705,2.012,8.356,24.613,87.1,1,1,1,1,0,1,1
2026-07-03T06:13:00Z,SYN-018,validation,segment_rise,SYNTHETIC-DRAIN-01,1,0,8.867,9.52,0.463,0.515,0.653,2.127,9.027,26.661,88.6,1,1,1,1,0,1,1
2026-07-03T06:14:00Z,SYN-018,validation,segment_rise,SYNTHETIC-DRAIN-01,1,0,8.542,9.247,0.325,0.273,0.705,2.22,9.205,25.925,90.4,1,1,1,1,0,1,1
2026-07-03T06:15:00Z,SYN-018,validation,segment_rise,SYNTHETIC-DRAIN-01,1,0,8.041,8.832,0.501,0.415,0.791,2.205,10.017,28.323,88.4,1,1,1,1,0,0,
2026-07-03T06:16:00Z,SYN-018,validation,segment_rise,SYNTHETIC-DRAIN-01,1,0,7.79,8.383,0.251,0.449,0.593,2.482,10.219,28.208,91.8,1,1,1,1,0,0,
2026-07-03T06:17:00Z,SYN-018,validation,segment_rise,SYNTHETIC-DRAIN-01,1,0,7.185,8.164,0.605,0.219,0.979,2.574,10.633,29.883,91.0,1,1,1,1,0,0,
2026-07-03T06:18:00Z,SYN-018,validation,segment_rise,SYNTHETIC-DRAIN-01,1,0,6.852,7.738,0.333,0.426,0.886,2.744,11.026,29.271,97.2,1,1,1,1,0,0,
2026-07-03T06:19:00Z,SYN-018,validation,segment_rise,SYNTHETIC-DRAIN-01,1,0,6.439,7.431,0.413,0.307,0.992,2.913,11.315,31.424,98.5,1,1,1,1,0,0,
2026-07-03T09:00:00Z,SYN-019,validation,local_blockage,SYNTHETIC-DRAIN-01,1,0,13.017,13.083,0.0,0.0,0.066,0.376,2.385,10.773,59.8,1,1,1,1,0,1,0
2026-07-03T09:01:00Z,SYN-019,validation,local_blockage,SYNTHETIC-DRAIN-01,1,0,12.953,13.268,0.064,-0.185,0.315,0.551,2.686,9.881,57.6,1,1,1,1,0,1,0
2026-07-03T09:02:00Z,SYN-019,validation,local_blockage,SYNTHETIC-DRAIN-01,1,0,13.04,13.361,-0.087,-0.093,0.321,0.501,2.962,11.61,62.5,1,1,1,1,0,1,0
2026-07-03T09:03:00Z,SYN-019,validation,local_blockage,SYNTHETIC-DRAIN-01,1,0,13.017,13.205,0.023,0.156,0.188,0.537,3.455,11.054,62.0,1,1,1,1,0,1,0
2026-07-03T09:04:00Z,SYN-019,validation,local_blockage,SYNTHETIC-DRAIN-01,1,0,13.029,13.228,-0.012,-0.023,0.199,0.574,3.589,11.977,70.4,1,1,1,1,0,1,0
2026-07-03T09:05:00Z,SYN-019,validation,local_blockage,SYNTHETIC-DRAIN-01,1,0,13.076,13.173,-0.047,0.055,0.097,0.753,4.273,12.663,70.7,1,1,1,1,0,1,0
2026-07-03T09:06:00Z,SYN-019,validation,local_blockage,SYNTHETIC-DRAIN-01,1,0,12.532,13.13,0.544,0.043,0.598,0.687,4.657,14.152,69.6,1,1,1,1,0,1,0
2026-07-03T09:07:00Z,SYN-019,validation,local_blockage,SYNTHETIC-DRAIN-01,1,0,12.032,13.007,0.5,0.123,0.975,0.998,4.868,13.644,67.5,1,1,1,1,0,1,0
2026-07-03T09:08:00Z,SYN-019,validation,local_blockage,SYNTHETIC-DRAIN-01,1,0,11.452,12.789,0.58,0.218,1.337,1.002,5.281,15.518,76.3,1,1,1,1,0,1,0
2026-07-03T09:09:00Z,SYN-019,validation,local_blockage,SYNTHETIC-DRAIN-01,1,0,10.904,12.85,0.548,-0.061,1.946,1.067,5.419,15.979,71.3,1,1,1,1,0,1,0
2026-07-03T09:10:00Z,SYN-019,validation,local_blockage,SYNTHETIC-DRAIN-01,1,0,10.41,12.619,0.494,0.231,2.209,1.112,5.855,15.34,73.7,1,1,1,1,0,1,1
2026-07-03T09:11:00Z,SYN-019,validation,local_blockage,SYNTHETIC-DRAIN-01,1,0,9.822,12.444,0.588,0.175,2.622,1.25,6.115,16.452,75.3,1,1,1,1,0,1,1
2026-07-03T09:12:00Z,SYN-019,validation,local_blockage,SYNTHETIC-DRAIN-01,1,0,9.354,12.448,0.468,-0.004,3.094,1.297,6.283,16.595,79.3,1,1,1,1,0,1,1
2026-07-03T09:13:00Z,SYN-019,validation,local_blockage,SYNTHETIC-DRAIN-01,1,0,8.821,12.473,0.533,-0.025,3.652,1.427,6.816,18.497,79.9,1,1,1,1,0,1,1
2026-07-03T09:14:00Z,SYN-019,validation,local_blockage,SYNTHETIC-DRAIN-01,1,0,8.195,12.057,0.626,0.416,3.862,1.48,7.114,18.833,83.9,1,1,1,1,0,1,1
2026-07-03T09:15:00Z,SYN-019,validation,local_blockage,SYNTHETIC-DRAIN-01,1,0,7.831,12.098,0.364,-0.041,4.267,1.513,7.462,19.269,80.3,1,1,1,1,0,0,
2026-07-03T09:16:00Z,SYN-019,validation,local_blockage,SYNTHETIC-DRAIN-01,1,0,7.29,12.198,0.541,-0.1,4.908,1.615,7.477,20.066,85.9,1,1,1,1,0,0,
2026-07-03T09:17:00Z,SYN-019,validation,local_blockage,SYNTHETIC-DRAIN-01,1,0,6.872,12.112,0.418,0.086,5.24,1.757,7.771,20.11,86.3,1,1,1,1,0,0,
2026-07-03T09:18:00Z,SYN-019,validation,local_blockage,SYNTHETIC-DRAIN-01,1,0,6.267,11.988,0.605,0.124,5.721,1.682,8.472,20.936,89.8,1,1,1,1,0,0,
2026-07-03T09:19:00Z,SYN-019,validation,local_blockage,SYNTHETIC-DRAIN-01,1,0,5.803,12.073,0.464,-0.085,6.27,1.899,8.701,21.797,90.0,1,1,1,1,0,0,
2026-07-03T12:00:00Z,SYN-020,validation,critical_fast_rise,SYNTHETIC-DRAIN-01,1,0,12.789,13.093,0.0,0.0,0.304,0.986,7.121,28.502,84.4,1,1,1,1,0,1,0
2026-07-03T12:01:00Z,SYN-020,validation,critical_fast_rise,SYNTHETIC-DRAIN-01,1,0,12.995,13.111,-0.206,-0.018,0.116,1.293,7.613,29.788,83.4,1,1,1,1,0,1,0
2026-07-03T12:02:00Z,SYN-020,validation,critical_fast_rise,SYNTHETIC-DRAIN-01,1,0,12.957,13.111,0.038,0.0,0.154,1.476,8.332,29.903,81.3,1,1,1,1,0,1,0
2026-07-03T12:03:00Z,SYN-020,validation,critical_fast_rise,SYNTHETIC-DRAIN-01,1,0,13.057,13.318,-0.1,-0.207,0.261,1.735,8.53,30.945,85.1,1,1,1,1,0,1,0
2026-07-03T12:04:00Z,SYN-020,validation,critical_fast_rise,SYNTHETIC-DRAIN-01,1,0,13.038,13.143,0.019,0.175,0.105,1.959,8.875,32.721,87.9,1,1,1,1,0,1,0
2026-07-03T12:05:00Z,SYN-020,validation,critical_fast_rise,SYNTHETIC-DRAIN-01,1,0,12.907,13.305,0.131,-0.162,0.398,2.016,9.89,33.845,86.8,1,1,1,1,0,1,0
2026-07-03T12:06:00Z,SYN-020,validation,critical_fast_rise,SYNTHETIC-DRAIN-01,1,0,12.854,13.185,0.053,0.12,0.331,2.344,10.577,33.753,86.2,1,1,1,1,0,1,0
2026-07-03T12:07:00Z,SYN-020,validation,critical_fast_rise,SYNTHETIC-DRAIN-01,1,0,13.116,13.189,-0.262,-0.004,0.073,2.388,11.164,35.733,91.8,1,1,1,1,0,1,0
2026-07-03T12:08:00Z,SYN-020,validation,critical_fast_rise,SYNTHETIC-DRAIN-01,1,0,12.13,12.37,0.986,0.819,0.24,2.7,11.527,36.84,91.1,1,1,1,1,0,1,1
2026-07-03T12:09:00Z,SYN-020,validation,critical_fast_rise,SYNTHETIC-DRAIN-01,1,0,11.262,11.738,0.868,0.632,0.476,2.817,11.715,37.658,90.1,1,1,1,1,0,1,1
2026-07-03T12:10:00Z,SYN-020,validation,critical_fast_rise,SYNTHETIC-DRAIN-01,1,0,10.402,10.942,0.86,0.796,0.54,3.037,12.274,39.977,92.6,1,1,1,1,0,1,1
2026-07-03T12:11:00Z,SYN-020,validation,critical_fast_rise,SYNTHETIC-DRAIN-01,1,0,9.526,10.161,0.876,0.781,0.635,3.315,13.193,40.644,92.3,1,1,1,1,0,1,1
2026-07-03T12:12:00Z,SYN-020,validation,critical_fast_rise,SYNTHETIC-DRAIN-01,1,0,8.906,9.471,0.62,0.69,0.565,3.603,13.362,41.944,91.5,1,1,1,1,0,1,1
2026-07-03T12:13:00Z,SYN-020,validation,critical_fast_rise,SYNTHETIC-DRAIN-01,1,0,7.924,8.894,0.982,0.577,0.97,3.625,14.07,42.678,92.4,1,1,1,1,0,0,
2026-07-03T12:14:00Z,SYN-020,validation,critical_fast_rise,SYNTHETIC-DRAIN-01,1,0,7.042,7.93,0.882,0.964,0.888,3.87,14.321,42.828,98.1,1,1,1,1,0,0,
2026-07-03T12:15:00Z,SYN-020,validation,critical_fast_rise,SYNTHETIC-DRAIN-01,1,0,6.111,7.476,0.931,0.454,1.365,3.815,14.958,44.933,94.7,1,1,1,1,0,0,
2026-07-03T12:16:00Z,SYN-020,validation,critical_fast_rise,SYNTHETIC-DRAIN-01,1,0,5.466,6.604,0.645,0.872,1.138,4.031,15.661,46.483,96.0,1,1,1,1,0,0,
2026-07-03T12:17:00Z,SYN-020,validation,critical_fast_rise,SYNTHETIC-DRAIN-01,1,0,4.462,6.062,1.004,0.542,1.6,4.266,16.012,46.92,98.2,1,1,1,1,0,0,
2026-07-03T12:18:00Z,SYN-020,validation,critical_fast_rise,SYNTHETIC-DRAIN-01,1,0,3.856,5.362,0.606,0.7,1.506,4.477,16.573,47.272,99.3,1,1,1,1,0,0,
2026-07-03T12:19:00Z,SYN-020,validation,critical_fast_rise,SYNTHETIC-DRAIN-01,1,0,3.067,4.658,0.789,0.704,1.591,4.425,17.705,48.33,100.0,1,1,1,1,0,0,
2026-07-03T15:00:00Z,SYN-021,test,normal_dry,SYNTHETIC-DRAIN-01,1,0,12.684,13.03,0.0,0.0,0.346,0.0,0.0,0.0,14.6,1,1,1,1,0,1,0
2026-07-03T15:01:00Z,SYN-021,test,normal_dry,SYNTHETIC-DRAIN-01,1,0,12.974,13.105,-0.29,-0.075,0.131,0.0,0.0,0.0,17.7,1,1,1,1,0,1,0
2026-07-03T15:02:00Z,SYN-021,test,normal_dry,SYNTHETIC-DRAIN-01,1,0,13.029,13.126,-0.055,-0.021,0.097,0.0,0.0,0.0,13.9,1,1,1,1,0,1,0
2026-07-03T15:03:00Z,SYN-021,test,normal_dry,SYNTHETIC-DRAIN-01,1,0,12.897,13.261,0.132,-0.135,0.364,0.0,0.0,0.0,13.4,1,1,1,1,0,1,0
2026-07-03T15:04:00Z,SYN-021,test,normal_dry,SYNTHETIC-DRAIN-01,1,0,13.092,13.206,-0.195,0.055,0.114,0.0,0.0,0.0,20.0,1,1,1,1,0,1,0
2026-07-03T15:05:00Z,SYN-021,test,normal_dry,SYNTHETIC-DRAIN-01,1,0,12.91,13.167,0.182,0.039,0.257,0.0,0.0,0.0,16.0,1,1,1,1,0,1,0
2026-07-03T15:06:00Z,SYN-021,test,normal_dry,SYNTHETIC-DRAIN-01,1,0,13.021,13.207,-0.111,-0.04,0.186,0.0,0.0,0.0,19.6,1,1,1,1,0,1,0
2026-07-03T15:07:00Z,SYN-021,test,normal_dry,SYNTHETIC-DRAIN-01,1,0,13.001,13.12,0.02,0.087,0.119,0.0,0.0,0.0,7.8,1,1,1,1,0,1,0
2026-07-03T15:08:00Z,SYN-021,test,normal_dry,SYNTHETIC-DRAIN-01,1,0,12.905,13.116,0.096,0.004,0.211,0.0,0.0,0.0,12.5,1,1,1,1,0,1,0
2026-07-03T15:09:00Z,SYN-021,test,normal_dry,SYNTHETIC-DRAIN-01,1,0,12.807,13.158,0.098,-0.042,0.351,0.0,0.0,0.0,9.2,1,1,1,1,0,1,0
2026-07-03T15:10:00Z,SYN-021,test,normal_dry,SYNTHETIC-DRAIN-01,1,0,12.811,13.08,-0.004,0.078,0.269,0.0,0.0,0.0,19.8,1,1,1,1,0,1,0
2026-07-03T15:11:00Z,SYN-021,test,normal_dry,SYNTHETIC-DRAIN-01,1,0,12.739,13.002,0.072,0.078,0.263,0.0,0.0,0.0,19.5,1,1,1,1,0,1,0
2026-07-03T15:12:00Z,SYN-021,test,normal_dry,SYNTHETIC-DRAIN-01,1,0,12.655,13.027,0.084,-0.025,0.372,0.0,0.0,0.0,10.9,1,1,1,1,0,1,0
2026-07-03T15:13:00Z,SYN-021,test,normal_dry,SYNTHETIC-DRAIN-01,1,0,12.884,13.104,-0.229,-0.077,0.22,0.0,0.0,0.0,11.0,1,1,1,1,0,1,0
2026-07-03T15:14:00Z,SYN-021,test,normal_dry,SYNTHETIC-DRAIN-01,1,0,12.831,12.949,0.053,0.155,0.118,0.0,0.0,0.0,11.8,1,1,1,1,0,1,0
2026-07-03T15:15:00Z,SYN-021,test,normal_dry,SYNTHETIC-DRAIN-01,1,0,12.866,13.055,-0.035,-0.106,0.189,0.0,0.0,0.0,17.8,1,1,1,1,0,0,
2026-07-03T15:16:00Z,SYN-021,test,normal_dry,SYNTHETIC-DRAIN-01,1,0,12.818,13.073,0.048,-0.018,0.255,0.0,0.0,0.0,20.3,1,1,1,1,0,0,
2026-07-03T15:17:00Z,SYN-021,test,normal_dry,SYNTHETIC-DRAIN-01,1,0,12.922,12.964,-0.104,0.109,0.042,0.0,0.0,0.0,12.6,1,1,1,1,0,0,
2026-07-03T15:18:00Z,SYN-021,test,normal_dry,SYNTHETIC-DRAIN-01,1,0,12.886,13.048,0.036,-0.084,0.162,0.0,0.0,0.0,16.0,1,1,1,1,0,0,
2026-07-03T15:19:00Z,SYN-021,test,normal_dry,SYNTHETIC-DRAIN-01,1,0,12.744,13.161,0.142,-0.113,0.417,0.0,0.0,0.0,9.4,1,1,1,1,0,0,
2026-07-03T18:00:00Z,SYN-022,test,rain_no_flood,SYNTHETIC-DRAIN-01,1,0,12.995,13.059,0.0,0.0,0.064,1.026,3.826,15.793,72.1,1,1,1,1,0,1,0
2026-07-03T18:01:00Z,SYN-022,test,rain_no_flood,SYNTHETIC-DRAIN-01,1,0,13.027,13.016,-0.032,0.043,0.011,0.838,4.513,17.467,72.9,1,1,1,1,0,1,0
2026-07-03T18:02:00Z,SYN-022,test,rain_no_flood,SYNTHETIC-DRAIN-01,1,0,12.984,13.179,0.043,-0.163,0.195,1.223,4.435,16.49,72.7,1,1,1,1,0,1,0
2026-07-03T18:03:00Z,SYN-022,test,rain_no_flood,SYNTHETIC-DRAIN-01,1,0,12.971,13.13,0.013,0.049,0.159,0.847,4.67,18.827,77.2,1,1,1,1,0,1,0
2026-07-03T18:04:00Z,SYN-022,test,rain_no_flood,SYNTHETIC-DRAIN-01,1,0,13.068,13.214,-0.097,-0.084,0.146,1.11,5.122,18.361,75.3,1,1,1,1,0,1,0
2026-07-03T18:05:00Z,SYN-022,test,rain_no_flood,SYNTHETIC-DRAIN-01,1,0,13.021,13.248,0.047,-0.034,0.227,0.802,5.192,20.107,77.2,1,1,1,1,0,1,0
2026-07-03T18:06:00Z,SYN-022,test,rain_no_flood,SYNTHETIC-DRAIN-01,1,0,12.936,13.11,0.085,0.138,0.174,1.45,5.676,19.851,75.9,1,1,1,1,0,1,0
2026-07-03T18:07:00Z,SYN-022,test,rain_no_flood,SYNTHETIC-DRAIN-01,1,0,12.857,13.245,0.079,-0.135,0.388,1.137,5.552,19.829,81.9,1,1,1,1,0,1,0
2026-07-03T18:08:00Z,SYN-022,test,rain_no_flood,SYNTHETIC-DRAIN-01,1,0,12.985,13.134,-0.128,0.111,0.149,1.18,6.059,20.867,83.7,1,1,1,1,0,1,0
2026-07-03T18:09:00Z,SYN-022,test,rain_no_flood,SYNTHETIC-DRAIN-01,1,0,12.933,13.076,0.052,0.058,0.143,1.481,6.539,22.753,79.7,1,1,1,1,0,1,0
2026-07-03T18:10:00Z,SYN-022,test,rain_no_flood,SYNTHETIC-DRAIN-01,1,0,12.942,13.064,-0.009,0.012,0.122,1.384,6.717,23.302,84.1,1,1,1,1,0,1,0
2026-07-03T18:11:00Z,SYN-022,test,rain_no_flood,SYNTHETIC-DRAIN-01,1,0,12.677,12.975,0.265,0.089,0.298,1.43,6.586,24.137,86.6,1,1,1,1,0,1,0
2026-07-03T18:12:00Z,SYN-022,test,rain_no_flood,SYNTHETIC-DRAIN-01,1,0,12.858,13.087,-0.181,-0.112,0.229,1.613,6.734,23.329,80.1,1,1,1,1,0,1,0
2026-07-03T18:13:00Z,SYN-022,test,rain_no_flood,SYNTHETIC-DRAIN-01,1,0,12.731,12.936,0.127,0.151,0.205,1.418,7.517,25.092,84.3,1,1,1,1,0,1,0
2026-07-03T18:14:00Z,SYN-022,test,rain_no_flood,SYNTHETIC-DRAIN-01,1,0,12.508,13.02,0.223,-0.084,0.512,1.643,7.747,25.025,89.2,1,1,1,1,0,1,0
2026-07-03T18:15:00Z,SYN-022,test,rain_no_flood,SYNTHETIC-DRAIN-01,1,0,12.689,12.977,-0.181,0.043,0.288,1.592,7.498,24.987,83.8,1,1,1,1,0,0,
2026-07-03T18:16:00Z,SYN-022,test,rain_no_flood,SYNTHETIC-DRAIN-01,1,0,12.742,12.818,-0.053,0.159,0.076,1.895,7.833,26.395,88.3,1,1,1,1,0,0,
2026-07-03T18:17:00Z,SYN-022,test,rain_no_flood,SYNTHETIC-DRAIN-01,1,0,12.639,12.905,0.103,-0.087,0.266,1.822,8.383,27.869,93.0,1,1,1,1,0,0,
2026-07-03T18:18:00Z,SYN-022,test,rain_no_flood,SYNTHETIC-DRAIN-01,1,0,12.787,13.12,-0.148,-0.215,0.333,2.011,8.201,28.257,92.9,1,1,1,1,0,0,
2026-07-03T18:19:00Z,SYN-022,test,rain_no_flood,SYNTHETIC-DRAIN-01,1,0,12.818,12.953,-0.031,0.167,0.135,1.922,9.037,27.5,94.8,1,1,1,1,0,0,
2026-07-03T21:00:00Z,SYN-023,test,segment_rise,SYNTHETIC-DRAIN-01,1,0,12.828,13.162,0.0,0.0,0.334,0.372,2.821,13.772,70.2,1,1,1,1,0,1,0
2026-07-03T21:01:00Z,SYN-023,test,segment_rise,SYNTHETIC-DRAIN-01,1,0,12.946,13.133,-0.118,0.029,0.187,0.575,3.362,15.808,68.3,1,1,1,1,0,1,0
2026-07-03T21:02:00Z,SYN-023,test,segment_rise,SYNTHETIC-DRAIN-01,1,0,12.953,13.247,-0.007,-0.114,0.294,0.748,3.628,15.8,68.2,1,1,1,1,0,1,0
2026-07-03T21:03:00Z,SYN-023,test,segment_rise,SYNTHETIC-DRAIN-01,1,0,12.968,13.163,-0.015,0.084,0.195,0.619,4.433,16.405,75.4,1,1,1,1,0,1,0
2026-07-03T21:04:00Z,SYN-023,test,segment_rise,SYNTHETIC-DRAIN-01,1,0,13.197,13.309,-0.229,-0.146,0.112,0.933,4.71,17.196,74.6,1,1,1,1,0,1,0
2026-07-03T21:05:00Z,SYN-023,test,segment_rise,SYNTHETIC-DRAIN-01,1,0,12.567,12.748,0.63,0.561,0.181,1.233,5.438,17.844,75.8,1,1,1,1,0,1,0
2026-07-03T21:06:00Z,SYN-023,test,segment_rise,SYNTHETIC-DRAIN-01,1,0,12.207,12.437,0.36,0.311,0.23,1.349,5.743,20.372,78.1,1,1,1,1,0,1,0
2026-07-03T21:07:00Z,SYN-023,test,segment_rise,SYNTHETIC-DRAIN-01,1,0,11.702,11.986,0.505,0.451,0.284,1.262,6.348,20.423,77.3,1,1,1,1,0,1,0
2026-07-03T21:08:00Z,SYN-023,test,segment_rise,SYNTHETIC-DRAIN-01,1,0,11.249,11.876,0.453,0.11,0.627,1.469,6.686,20.67,77.7,1,1,1,1,0,1,0
2026-07-03T21:09:00Z,SYN-023,test,segment_rise,SYNTHETIC-DRAIN-01,1,0,10.825,11.116,0.424,0.76,0.291,1.649,7.03,22.721,84.2,1,1,1,1,0,1,0
2026-07-03T21:10:00Z,SYN-023,test,segment_rise,SYNTHETIC-DRAIN-01,1,0,10.317,10.772,0.508,0.344,0.455,1.619,7.414,23.949,85.9,1,1,1,1,0,1,0
2026-07-03T21:11:00Z,SYN-023,test,segment_rise,SYNTHETIC-DRAIN-01,1,0,9.769,10.403,0.548,0.369,0.634,1.714,8.082,22.95,82.3,1,1,1,1,0,1,1
2026-07-03T21:12:00Z,SYN-023,test,segment_rise,SYNTHETIC-DRAIN-01,1,0,9.496,10.143,0.273,0.26,0.647,1.931,8.255,25.458,88.1,1,1,1,1,0,1,1
2026-07-03T21:13:00Z,SYN-023,test,segment_rise,SYNTHETIC-DRAIN-01,1,0,9.09,9.534,0.406,0.609,0.444,2.167,8.799,25.14,85.4,1,1,1,1,0,1,1
2026-07-03T21:14:00Z,SYN-023,test,segment_rise,SYNTHETIC-DRAIN-01,1,0,8.468,9.224,0.622,0.31,0.756,1.914,9.134,27.356,91.9,1,1,1,1,0,1,1
2026-07-03T21:15:00Z,SYN-023,test,segment_rise,SYNTHETIC-DRAIN-01,1,0,8.167,8.909,0.301,0.315,0.742,2.23,10.015,26.521,91.9,1,1,1,1,0,0,
2026-07-03T21:16:00Z,SYN-023,test,segment_rise,SYNTHETIC-DRAIN-01,1,0,7.6,8.382,0.567,0.527,0.782,2.45,10.371,27.671,92.4,1,1,1,1,0,0,
2026-07-03T21:17:00Z,SYN-023,test,segment_rise,SYNTHETIC-DRAIN-01,1,0,7.197,8.124,0.403,0.258,0.927,2.748,10.668,28.678,93.4,1,1,1,1,0,0,
2026-07-03T21:18:00Z,SYN-023,test,segment_rise,SYNTHETIC-DRAIN-01,1,0,6.835,7.797,0.362,0.327,0.962,2.749,10.964,29.647,95.9,1,1,1,1,0,0,
2026-07-03T21:19:00Z,SYN-023,test,segment_rise,SYNTHETIC-DRAIN-01,1,0,6.509,7.333,0.326,0.464,0.824,2.696,11.703,30.208,97.0,1,1,1,1,0,0,
2026-07-04T00:00:00Z,SYN-024,test,local_blockage,SYNTHETIC-DRAIN-01,1,0,12.815,13.233,0.0,0.0,0.418,0.507,2.421,10.547,59.9,1,1,1,1,0,1,0
2026-07-04T00:01:00Z,SYN-024,test,local_blockage,SYNTHETIC-DRAIN-01,1,0,12.921,13.197,-0.106,0.036,0.276,0.373,2.752,10.103,62.1,1,1,1,1,0,1,0
2026-07-04T00:02:00Z,SYN-024,test,local_blockage,SYNTHETIC-DRAIN-01,1,0,12.98,13.17,-0.059,0.027,0.19,0.427,3.018,11.385,66.3,1,1,1,1,0,1,0
2026-07-04T00:03:00Z,SYN-024,test,local_blockage,SYNTHETIC-DRAIN-01,1,0,13.051,13.15,-0.071,0.02,0.099,0.642,3.665,11.972,68.0,1,1,1,1,0,1,0
2026-07-04T00:04:00Z,SYN-024,test,local_blockage,SYNTHETIC-DRAIN-01,1,0,12.989,13.073,0.062,0.077,0.084,0.611,3.829,11.981,69.6,1,1,1,1,0,1,0
2026-07-04T00:05:00Z,SYN-024,test,local_blockage,SYNTHETIC-DRAIN-01,1,0,13.061,13.171,-0.072,-0.098,0.11,0.749,4.247,13.388,65.9,1,1,1,1,0,1,0
2026-07-04T00:06:00Z,SYN-024,test,local_blockage,SYNTHETIC-DRAIN-01,1,0,12.549,13.029,0.512,0.142,0.48,0.89,4.173,13.488,69.0,1,1,1,1,0,1,0
2026-07-04T00:07:00Z,SYN-024,test,local_blockage,SYNTHETIC-DRAIN-01,1,0,12.014,12.808,0.535,0.221,0.794,0.899,4.566,14.115,73.6,1,1,1,1,0,1,0
2026-07-04T00:08:00Z,SYN-024,test,local_blockage,SYNTHETIC-DRAIN-01,1,0,11.471,12.913,0.543,-0.105,1.442,0.947,4.946,15.371,75.0,1,1,1,1,0,1,0
2026-07-04T00:09:00Z,SYN-024,test,local_blockage,SYNTHETIC-DRAIN-01,1,0,10.863,12.754,0.608,0.159,1.891,1.028,5.278,15.794,75.1,1,1,1,1,0,1,0
2026-07-04T00:10:00Z,SYN-024,test,local_blockage,SYNTHETIC-DRAIN-01,1,0,10.359,12.645,0.504,0.109,2.286,1.187,5.769,16.013,77.7,1,1,1,1,0,1,1
2026-07-04T00:11:00Z,SYN-024,test,local_blockage,SYNTHETIC-DRAIN-01,1,0,9.892,12.549,0.467,0.096,2.657,1.346,5.815,16.629,79.5,1,1,1,1,0,1,1
2026-07-04T00:12:00Z,SYN-024,test,local_blockage,SYNTHETIC-DRAIN-01,1,0,9.269,12.637,0.623,-0.088,3.368,1.142,6.515,17.506,75.9,1,1,1,1,0,1,1
2026-07-04T00:13:00Z,SYN-024,test,local_blockage,SYNTHETIC-DRAIN-01,1,0,8.652,12.2,0.617,0.437,3.548,1.347,6.643,17.508,77.2,1,1,1,1,0,1,1
2026-07-04T00:14:00Z,SYN-024,test,local_blockage,SYNTHETIC-DRAIN-01,1,0,8.362,12.307,0.29,-0.107,3.945,1.343,6.786,19.075,82.6,1,1,1,1,0,1,1
2026-07-04T00:15:00Z,SYN-024,test,local_blockage,SYNTHETIC-DRAIN-01,1,0,7.725,12.123,0.637,0.184,4.398,1.598,7.219,18.588,81.3,1,1,1,1,0,0,
2026-07-04T00:16:00Z,SYN-024,test,local_blockage,SYNTHETIC-DRAIN-01,1,0,7.328,12.08,0.397,0.043,4.752,1.703,7.399,19.988,89.4,1,1,1,1,0,0,
2026-07-04T00:17:00Z,SYN-024,test,local_blockage,SYNTHETIC-DRAIN-01,1,0,6.799,12.069,0.529,0.011,5.27,1.778,8.101,19.419,85.3,1,1,1,1,0,0,
2026-07-04T00:18:00Z,SYN-024,test,local_blockage,SYNTHETIC-DRAIN-01,1,0,6.291,12.028,0.508,0.041,5.737,1.943,8.081,20.696,88.4,1,1,1,1,0,0,
2026-07-04T00:19:00Z,SYN-024,test,local_blockage,SYNTHETIC-DRAIN-01,1,0,5.963,12.086,0.328,-0.058,6.123,1.92,8.403,20.672,89.8,1,1,1,1,0,0,
